18820101,TMAX,-50
18820102,TMAX,-50
18820103,TMAX,-11
18820104,TMAX,22
18820105,TMAX,33
18820106,TMAX,78
18820107,TMAX,72
18820108,TMAX,17
18820109,TMAX,56
18820110,TMAX,6
18820111,TMAX,17
18820112,TMAX,6
18820113,TMAX,0
18820114,TMAX,17
18820115,TMAX,-28
18820116,TMAX,-144
18820117,TMAX,17
18820118,TMAX,17
18820119,TMAX,6
18820120,TMAX,17
18820121,TMAX,-11
18820122,TMAX,-100
18820123,TMAX,-111
18820124,TMAX,22
18820125,TMAX,28
18820126,TMAX,-78
18820127,TMAX,28
18820128,TMAX,-178
18820129,TMAX,-6
18820130,TMAX,22
18820131,TMAX,22
18830101,TMAX,-139
18830102,TMAX,-133
18830103,TMAX,-194
18830104,TMAX,-167
18830105,TMAX,-122
18830106,TMAX,-100
18830107,TMAX,-156
18830108,TMAX,-117
18830109,TMAX,72
18830110,TMAX,-6
18830111,TMAX,-83
18830112,TMAX,-33
18830113,TMAX,-150
18830114,TMAX,-67
18830115,TMAX,-72
18830116,TMAX,-50
18830117,TMAX,-72
18830118,TMAX,-222
18830119,TMAX,-261
18830120,TMAX,-206
18830121,TMAX,-217
18830122,TMAX,-194
18830123,TMAX,-106
18830124,TMAX,-89
18830125,TMAX,-144
18830126,TMAX,-28
18830127,TMAX,17
18830128,TMAX,-61
18830129,TMAX,17
18830130,TMAX,-78
18830131,TMAX,-150
18840101,TMAX,-233
18840102,TMAX,-133
18840103,TMAX,-200
18840104,TMAX,-256
18840105,TMAX,-217
18840106,TMAX,-156
18840107,TMAX,-128
18840108,TMAX,-72
18840109,TMAX,6
18840110,TMAX,-78
18840111,TMAX,33
18840112,TMAX,56
18840113,TMAX,67
18840114,TMAX,-106
18840115,TMAX,-39
18840116,TMAX,0
18840117,TMAX,67
18840118,TMAX,0
18840119,TMAX,-94
18840120,TMAX,-33
18840121,TMAX,28
18840122,TMAX,-11
18840123,TMAX,-150
18840124,TMAX,-56
18840125,TMAX,-22
18840126,TMAX,11
18840127,TMAX,67
18840128,TMAX,0
18840129,TMAX,-106
18840130,TMAX,-44
18840131,TMAX,-50
18850101,TMAX,-272
18850102,TMAX,-139
18850103,TMAX,-89
18850104,TMAX,33
18850105,TMAX,44
18850106,TMAX,-6
18850107,TMAX,44
18850108,TMAX,78
18850109,TMAX,17
18850110,TMAX,33
18850111,TMAX,-39
18850112,TMAX,-194
18850113,TMAX,-150
18850114,TMAX,-183
18850115,TMAX,-178
18850116,TMAX,-211
18850117,TMAX,-244
18850118,TMAX,-256
18850119,TMAX,-139
18850120,TMAX,-117
18850121,TMAX,-222
18850122,TMAX,-89
18850123,TMAX,-39
18850124,TMAX,-111
18850125,TMAX,-94
18850126,TMAX,-139
18850127,TMAX,-200
18850128,TMAX,-156
18850129,TMAX,-50
18850130,TMAX,-28
18850131,TMAX,0
18860101,TMAX,-39
18860102,TMAX,-39
18860103,TMAX,-61
18860104,TMAX,-50
18860105,TMAX,17
18860106,TMAX,-44
18860107,TMAX,-217
18860108,TMAX,-283
18860109,TMAX,-272
18860110,TMAX,-222
18860111,TMAX,-144
18860112,TMAX,11
18860113,TMAX,56
18860114,TMAX,-17
18860115,TMAX,-94
18860116,TMAX,-150
18860117,TMAX,-200
18860118,TMAX,-194
18860119,TMAX,-217
18860120,TMAX,-189
18860121,TMAX,-94
18860122,TMAX,-267
18860123,TMAX,-183
18860124,TMAX,-50
18860125,TMAX,-83
18860126,TMAX,-156
18860127,TMAX,-83
18860128,TMAX,-61
18860129,TMAX,-50
18860130,TMAX,-50
18860131,TMAX,-111
18870101,TMAX,-250
18870102,TMAX,-244
18870103,TMAX,-100
18870104,TMAX,-139
18870105,TMAX,-172
18870106,TMAX,-261
18870107,TMAX,-211
18870108,TMAX,-250
18870109,TMAX,-183
18870110,TMAX,-128
18870111,TMAX,11
18870112,TMAX,-33
18870113,TMAX,-100
18870114,TMAX,-89
18870115,TMAX,-6
18870116,TMAX,-67
18870117,TMAX,-206
18870118,TMAX,-94
18870119,TMAX,-33
18870120,TMAX,39
18870121,TMAX,33
18870122,TMAX,-83
18870123,TMAX,-61
18870124,TMAX,11
18870125,TMAX,-156
18870126,TMAX,-6
18870127,TMAX,17
18870128,TMAX,0
18870129,TMAX,-50
18870130,TMAX,-244
18870131,TMAX,-244
18880101,TMAX,-178
18880102,TMAX,-139
18880103,TMAX,-67
18880104,TMAX,-72
18880105,TMAX,-44
18880106,TMAX,-139
18880107,TMAX,-217
18880108,TMAX,-267
18880109,TMAX,-117
18880110,TMAX,-122
18880111,TMAX,-156
18880112,TMAX,-67
18880113,TMAX,-267
18880114,TMAX,-294
18880115,TMAX,-211
18880116,TMAX,-161
18880117,TMAX,-183
18880118,TMAX,-144
18880119,TMAX,-156
18880120,TMAX,-233
18880121,TMAX,-183
18880122,TMAX,-100
18880123,TMAX,-172
18880124,TMAX,-50
18880125,TMAX,-117
18880126,TMAX,44
18880127,TMAX,-83
18880128,TMAX,-50
18880129,TMAX,17
18880130,TMAX,33
18880131,TMAX,17
18890101,TMAX,22
18890102,TMAX,56
18890103,TMAX,39
18890104,TMAX,17
18890105,TMAX,-39
18890106,TMAX,0
18890107,TMAX,33
18890108,TMAX,-11
18890109,TMAX,-89
18890110,TMAX,-78
18890111,TMAX,-56
18890112,TMAX,-89
18890113,TMAX,-89
18890114,TMAX,-44
18890115,TMAX,6
18890116,TMAX,-61
18890117,TMAX,-156
18890118,TMAX,-128
18890119,TMAX,-111
18890120,TMAX,-178
18890121,TMAX,-100
18890122,TMAX,-67
18890123,TMAX,-67
18890124,TMAX,6
18890125,TMAX,-11
18890126,TMAX,-156
18890127,TMAX,-78
18890128,TMAX,6
18890129,TMAX,0
18890130,TMAX,11
18890131,TMAX,-122
18900101,TMAX,-161
18900102,TMAX,-211
18900103,TMAX,-150
18900104,TMAX,-178
18900105,TMAX,-200
18900106,TMAX,-161
18900107,TMAX,-72
18900108,TMAX,17
18900109,TMAX,6
18900110,TMAX,-33
18900111,TMAX,-122
18900112,TMAX,-178
18900113,TMAX,-167
18900114,TMAX,-144
18900115,TMAX,-233
18900116,TMAX,-178
18900117,TMAX,-222
18900118,TMAX,-144
18900119,TMAX,-200
18900120,TMAX,-172
18900121,TMAX,-211
18900122,TMAX,-111
18900123,TMAX,-167
18900124,TMAX,-22
18900125,TMAX,-17
18900126,TMAX,-17
18900127,TMAX,-17
18900128,TMAX,28
18900129,TMAX,-6
18900130,TMAX,61
18900131,TMAX,-128
18910101,TMAX,-67
18910102,TMAX,0
18910103,TMAX,28
18910104,TMAX,33
18910105,TMAX,0
18910106,TMAX,17
18910107,TMAX,-22
18910108,TMAX,-17
18910109,TMAX,-22
18910110,TMAX,33
18910111,TMAX,-6
18910112,TMAX,-94
18910113,TMAX,89
18910114,TMAX,56
18910115,TMAX,-144
18910116,TMAX,83
18910117,TMAX,128
18910118,TMAX,111
18910119,TMAX,89
18910120,TMAX,72
18910121,TMAX,-28
18910122,TMAX,11
18910123,TMAX,-22
18910124,TMAX,111
18910125,TMAX,33
18910126,TMAX,67
18910127,TMAX,56
18910128,TMAX,6
18910129,TMAX,39
18910130,TMAX,78
18910131,TMAX,-150
18920101,TMAX,-172
18920102,TMAX,-122
18920103,TMAX,39
18920104,TMAX,39
18920105,TMAX,-67
18920106,TMAX,-144
18920107,TMAX,-44
18920108,TMAX,-172
18920109,TMAX,-167
18920110,TMAX,-167
18920111,TMAX,-122
18920112,TMAX,-139
18920113,TMAX,-128
18920114,TMAX,-233
18920115,TMAX,-200
18920116,TMAX,-144
18920117,TMAX,-228
18920118,TMAX,-256
18920119,TMAX,-156
18920120,TMAX,11
18920121,TMAX,50
18920122,TMAX,0
18920123,TMAX,72
18920124,TMAX,100
18920125,TMAX,17
18920126,TMAX,-6
18920127,TMAX,111
18920128,TMAX,94
18920129,TMAX,61
18920130,TMAX,89
18920131,TMAX,28
18930101,TMAX,6
18930102,TMAX,-150
18930103,TMAX,-39
18930104,TMAX,50
18930105,TMAX,-106
18930106,TMAX,33
18930107,TMAX,-94
18930108,TMAX,56
18930109,TMAX,-133
18930110,TMAX,-117
18930111,TMAX,0
18930112,TMAX,-150
18930113,TMAX,-100
18930114,TMAX,-156
18930115,TMAX,-117
18930116,TMAX,-139
18930117,TMAX,-28
18930118,TMAX,-83
18930119,TMAX,33
18930120,TMAX,-22
18930121,TMAX,33
18930122,TMAX,33
18930123,TMAX,11
18930124,TMAX,56
18930125,TMAX,-122
18930126,TMAX,-211
18930127,TMAX,-167
18930128,TMAX,-167
18930129,TMAX,-128
18930130,TMAX,-189
18930131,TMAX,-72
18940101,TMAX,22
18940102,TMAX,-50
18940103,TMAX,-183
18940104,TMAX,-206
18940105,TMAX,-172
18940106,TMAX,-194
18940107,TMAX,-222
18940108,TMAX,-172
18940109,TMAX,-172
18940110,TMAX,56
18940111,TMAX,-33
18940112,TMAX,28
18940113,TMAX,17
18940114,TMAX,-22
18940115,TMAX,6
18940116,TMAX,39
18940117,TMAX,-39
18940118,TMAX,-50
18940119,TMAX,11
18940120,TMAX,-6
18940121,TMAX,-172
18940122,TMAX,-200
18940123,TMAX,-244
18940124,TMAX,-250
18940125,TMAX,-150
18940126,TMAX,-206
18940127,TMAX,-150
18940128,TMAX,-78
18940129,TMAX,-111
18940130,TMAX,-89
18940131,TMAX,-128
18950101,TMAX,-28
18950102,TMAX,-78
18950103,TMAX,-139
18950104,TMAX,-89
18950105,TMAX,-11
18950106,TMAX,-61
18950107,TMAX,-178
18950108,TMAX,-50
18950109,TMAX,-50
18950110,TMAX,-50
18950111,TMAX,-233
18950112,TMAX,-189
18950113,TMAX,-78
18950114,TMAX,0
18950115,TMAX,-22
18950116,TMAX,-111
18950117,TMAX,-22
18950118,TMAX,17
18950119,TMAX,11
18950120,TMAX,-17
18950121,TMAX,-106
18950122,TMAX,-117
18950123,TMAX,-189
18950124,TMAX,-100
18950125,TMAX,-172
18950126,TMAX,-217
18950127,TMAX,-178
18950128,TMAX,-89
18950129,TMAX,-206
18950130,TMAX,-122
18950131,TMAX,-183
18960101,TMAX,33
18960102,TMAX,-206
18960103,TMAX,-189
18960104,TMAX,-156
18960105,TMAX,-39
18960106,TMAX,100
18960107,TMAX,0
18960108,TMAX,111
18960109,TMAX,128
18960110,TMAX,139
18960111,TMAX,0
18960112,TMAX,-44
18960113,TMAX,-39
18960114,TMAX,-56
18960115,TMAX,-22
18960116,TMAX,-150
18960117,TMAX,-133
18960118,TMAX,-172
18960119,TMAX,17
18960120,TMAX,33
18960121,TMAX,72
18960122,TMAX,11
18960123,TMAX,-144
18960124,TMAX,-111
18960125,TMAX,-144
18960126,TMAX,-17
18960127,TMAX,39
18960128,TMAX,122
18960129,TMAX,61
18960130,TMAX,0
18960131,TMAX,-28
18970101,TMAX,22
18970102,TMAX,-94
18970103,TMAX,-122
18970104,TMAX,-117
18970105,TMAX,-111
18970106,TMAX,-83
18970107,TMAX,-44
18970108,TMAX,11
18970109,TMAX,-17
18970110,TMAX,-22
18970111,TMAX,-72
18970112,TMAX,-78
18970113,TMAX,-67
18970114,TMAX,-78
18970115,TMAX,-11
18970116,TMAX,-39
18970117,TMAX,-33
18970118,TMAX,-122
18970119,TMAX,-56
18970120,TMAX,-56
18970121,TMAX,50
18970122,TMAX,-106
18970123,TMAX,-178
18970124,TMAX,-272
18970125,TMAX,-233
18970126,TMAX,-222
18970127,TMAX,-189
18970128,TMAX,-183
18970129,TMAX,-122
18970130,TMAX,-28
18970131,TMAX,-22
18980101,TMAX,-28
18980102,TMAX,44
18980103,TMAX,78
18980104,TMAX,67
18980105,TMAX,83
18980106,TMAX,44
18980107,TMAX,33
18980108,TMAX,61
18980109,TMAX,22
18980110,TMAX,-56
18980111,TMAX,11
18980112,TMAX,-17
18980113,TMAX,33
18980114,TMAX,6
18980115,TMAX,6
18980116,TMAX,56
18980117,TMAX,44
18980118,TMAX,0
18980119,TMAX,39
18980120,TMAX,11
18980121,TMAX,17
18980122,TMAX,0
18980123,TMAX,-33
18980124,TMAX,-33
18980125,TMAX,-39
18980126,TMAX,6
18980127,TMAX,33
18980128,TMAX,22
18980129,TMAX,-28
18980130,TMAX,6
18980131,TMAX,-83
18990101,TMAX,-17
18990102,TMAX,-78
18990103,TMAX,-100
18990104,TMAX,-133
18990105,TMAX,-72
18990106,TMAX,-50
18990107,TMAX,-28
18990108,TMAX,-67
18990109,TMAX,-28
18990110,TMAX,56
18990111,TMAX,33
18990112,TMAX,56
18990113,TMAX,78
18990114,TMAX,72
18990115,TMAX,94
18990116,TMAX,-17
18990117,TMAX,-78
18990118,TMAX,39
18990119,TMAX,94
18990120,TMAX,100
18990121,TMAX,100
18990122,TMAX,61
18990123,TMAX,44
18990124,TMAX,6
18990125,TMAX,50
18990126,TMAX,-117
18990127,TMAX,-28
18990128,TMAX,-72
18990129,TMAX,-139
18990130,TMAX,-167
18990131,TMAX,-111
19000101,TMAX,-94
19000102,TMAX,-39
19000103,TMAX,-17
19000104,TMAX,-22
19000105,TMAX,-6
19000106,TMAX,83
19000107,TMAX,44
19000108,TMAX,61
19000109,TMAX,11
19000110,TMAX,-6
19000111,TMAX,28
19000112,TMAX,56
19000113,TMAX,150
19000114,TMAX,-17
19000115,TMAX,-11
19000116,TMAX,-11
19000117,TMAX,28
19000118,TMAX,94
19000119,TMAX,178
19000120,TMAX,67
19000121,TMAX,150
19000122,TMAX,156
19000123,TMAX,56
19000124,TMAX,44
19000125,TMAX,-78
19000126,TMAX,-11
19000127,TMAX,-83
19000128,TMAX,-122
19000129,TMAX,11
19000130,TMAX,-156
19000131,TMAX,-106
19010101,TMAX,-128
19010102,TMAX,-33
19010103,TMAX,22
19010104,TMAX,-150
19010105,TMAX,-78
19010106,TMAX,-72
19010107,TMAX,11
19010108,TMAX,-22
19010109,TMAX,-78
19010110,TMAX,-89
19010111,TMAX,-61
19010112,TMAX,0
19010113,TMAX,83
19010114,TMAX,133
19010115,TMAX,89
19010116,TMAX,0
19010117,TMAX,-56
19010118,TMAX,72
19010119,TMAX,106
19010120,TMAX,139
19010121,TMAX,44
19010122,TMAX,94
19010123,TMAX,56
19010124,TMAX,-33
19010125,TMAX,72
19010126,TMAX,-11
19010127,TMAX,56
19010128,TMAX,-17
19010129,TMAX,-11
19010130,TMAX,-44
19010131,TMAX,-56
19020101,TMAX,56
19020102,TMAX,-39
19020103,TMAX,-78
19020104,TMAX,39
19020105,TMAX,78
19020106,TMAX,50
19020107,TMAX,106
19020108,TMAX,128
19020109,TMAX,44
19020110,TMAX,11
19020111,TMAX,11
19020112,TMAX,-28
19020113,TMAX,61
19020114,TMAX,56
19020115,TMAX,50
19020116,TMAX,56
19020117,TMAX,6
19020118,TMAX,22
19020119,TMAX,61
19020120,TMAX,17
19020121,TMAX,17
19020122,TMAX,-11
19020123,TMAX,-28
19020124,TMAX,-100
19020125,TMAX,-194
19020126,TMAX,-189
19020127,TMAX,-150
19020128,TMAX,-106
19020129,TMAX,-117
19020130,TMAX,-144
19020131,TMAX,-128
19030101,TMAX,-44
19030102,TMAX,-106
19030103,TMAX,-67
19030104,TMAX,0
19030105,TMAX,-44
19030106,TMAX,72
19030107,TMAX,-33
19030108,TMAX,-61
19030109,TMAX,-156
19030110,TMAX,-72
19030111,TMAX,-178
19030112,TMAX,-156
19030113,TMAX,0
19030114,TMAX,22
19030115,TMAX,17
19030116,TMAX,0
19030117,TMAX,-50
19030118,TMAX,-61
19030119,TMAX,-11
19030120,TMAX,-22
19030121,TMAX,0
19030122,TMAX,-78
19030123,TMAX,-67
19030124,TMAX,-17
19030125,TMAX,11
19030126,TMAX,17
19030127,TMAX,6
19030128,TMAX,-78
19030129,TMAX,-128
19030130,TMAX,-72
19030131,TMAX,-61
19040101,TMAX,-122
19040102,TMAX,-206
19040103,TMAX,-144
19040104,TMAX,-78
19040105,TMAX,-89
19040106,TMAX,17
19040107,TMAX,33
19040108,TMAX,-11
19040109,TMAX,11
19040110,TMAX,-6
19040111,TMAX,22
19040112,TMAX,-78
19040113,TMAX,-22
19040114,TMAX,-28
19040115,TMAX,-11
19040116,TMAX,-67
19040117,TMAX,-50
19040118,TMAX,17
19040119,TMAX,22
19040120,TMAX,-139
19040121,TMAX,-133
19040122,TMAX,-150
19040123,TMAX,-178
19040124,TMAX,-283
19040125,TMAX,-222
19040126,TMAX,-194
19040127,TMAX,-122
19040128,TMAX,-172
19040129,TMAX,-78
19040130,TMAX,-50
19040131,TMAX,-56
19050101,TMAX,33
19050102,TMAX,-22
19050103,TMAX,-22
19050104,TMAX,28
19050105,TMAX,-50
19050106,TMAX,-39
19050107,TMAX,-100
19050108,TMAX,-22
19050109,TMAX,-172
19050110,TMAX,-133
19050111,TMAX,-133
19050112,TMAX,-183
19050113,TMAX,-161
19050114,TMAX,-150
19050115,TMAX,-94
19050116,TMAX,-100
19050117,TMAX,-50
19050118,TMAX,39
19050119,TMAX,11
19050120,TMAX,-56
19050121,TMAX,-100
19050122,TMAX,-94
19050123,TMAX,-72
19050124,TMAX,-206
19050125,TMAX,-167
19050126,TMAX,-28
19050127,TMAX,-111
19050128,TMAX,-156
19050129,TMAX,-161
19050130,TMAX,-133
19050131,TMAX,-117
19060101,TMAX,-78
19060102,TMAX,-28
19060103,TMAX,-67
19060104,TMAX,-11
19060105,TMAX,39
19060106,TMAX,0
19060107,TMAX,-56
19060108,TMAX,-56
19060109,TMAX,-22
19060110,TMAX,11
19060111,TMAX,0
19060112,TMAX,11
19060113,TMAX,28
19060114,TMAX,-6
19060115,TMAX,-22
19060116,TMAX,-50
19060117,TMAX,50
19060118,TMAX,-33
19060119,TMAX,56
19060120,TMAX,0
19060121,TMAX,-150
19060122,TMAX,-122
19060123,TMAX,-117
19060124,TMAX,-78
19060125,TMAX,17
19060126,TMAX,94
19060127,TMAX,44
19060128,TMAX,106
19060129,TMAX,72
19060130,TMAX,11
19060131,TMAX,100
19070101,TMAX,-17
19070102,TMAX,28
19070103,TMAX,-128
19070104,TMAX,28
19070105,TMAX,-44
19070106,TMAX,-128
19070107,TMAX,-89
19070108,TMAX,-144
19070109,TMAX,-111
19070110,TMAX,-28
19070111,TMAX,-72
19070112,TMAX,-78
19070113,TMAX,-117
19070114,TMAX,-178
19070115,TMAX,-133
19070116,TMAX,-78
19070117,TMAX,-133
19070118,TMAX,-17
19070119,TMAX,-11
19070120,TMAX,-172
19070121,TMAX,-67
19070122,TMAX,-122
19070123,TMAX,-22
19070124,TMAX,-67
19070125,TMAX,-161
19070126,TMAX,-161
19070127,TMAX,-167
19070128,TMAX,-172
19070129,TMAX,-189
19070130,TMAX,-161
19070131,TMAX,-100
19080101,TMAX,-78
19080102,TMAX,-39
19080103,TMAX,22
19080104,TMAX,-28
19080105,TMAX,-6
19080106,TMAX,44
19080107,TMAX,44
19080108,TMAX,-22
19080109,TMAX,44
19080110,TMAX,28
19080111,TMAX,-6
19080112,TMAX,0
19080113,TMAX,0
19080114,TMAX,89
19080115,TMAX,-56
19080116,TMAX,22
19080117,TMAX,11
19080118,TMAX,128
19080119,TMAX,128
19080120,TMAX,172
19080121,TMAX,50
19080122,TMAX,-22
19080123,TMAX,-33
19080124,TMAX,61
19080125,TMAX,67
19080126,TMAX,-33
19080127,TMAX,122
19080128,TMAX,-6
19080129,TMAX,-100
19080130,TMAX,-28
19080131,TMAX,-78
19090101,TMAX,-83
19090102,TMAX,6
19090103,TMAX,56
19090104,TMAX,-6
19090105,TMAX,-228
19090106,TMAX,-256
19090107,TMAX,-172
19090108,TMAX,-167
19090109,TMAX,-189
19090110,TMAX,-206
19090111,TMAX,-200
19090112,TMAX,-128
19090113,TMAX,-44
19090114,TMAX,-78
19090115,TMAX,-139
19090116,TMAX,-39
19090117,TMAX,-50
19090118,TMAX,44
19090119,TMAX,39
19090120,TMAX,44
19090121,TMAX,28
19090122,TMAX,17
19090123,TMAX,17
19090124,TMAX,22
19090125,TMAX,39
19090126,TMAX,50
19090127,TMAX,67
19090128,TMAX,6
19090129,TMAX,-83
19090130,TMAX,-172
19090131,TMAX,-11
19100101,TMAX,11
19100102,TMAX,-139
19100103,TMAX,-156
19100104,TMAX,-200
19100105,TMAX,-178
19100106,TMAX,-167
19100107,TMAX,-122
19100108,TMAX,-206
19100109,TMAX,-83
19100110,TMAX,-89
19100111,TMAX,-67
19100112,TMAX,-39
19100113,TMAX,-50
19100114,TMAX,-106
19100115,TMAX,-22
19100116,TMAX,0
19100117,TMAX,-61
19100118,TMAX,-6
19100119,TMAX,11
19100120,TMAX,11
19100121,TMAX,-100
19100122,TMAX,33
19100123,TMAX,0
19100124,TMAX,-33
19100125,TMAX,0
19100126,TMAX,0
19100127,TMAX,-11
19100128,TMAX,-61
19100129,TMAX,-67
19100130,TMAX,-78
19100131,TMAX,11
19110101,TMAX,-189
19110102,TMAX,-228
19110103,TMAX,-6
19110104,TMAX,-44
19110105,TMAX,-94
19110106,TMAX,-11
19110107,TMAX,33
19110108,TMAX,0
19110109,TMAX,39
19110110,TMAX,17
19110111,TMAX,-194
19110112,TMAX,-122
19110113,TMAX,-228
19110114,TMAX,-183
19110115,TMAX,-83
19110116,TMAX,-78
19110117,TMAX,-72
19110118,TMAX,17
19110119,TMAX,-78
19110120,TMAX,-44
19110121,TMAX,-111
19110122,TMAX,-39
19110123,TMAX,33
19110124,TMAX,44
19110125,TMAX,67
19110126,TMAX,22
19110127,TMAX,-89
19110128,TMAX,50
19110129,TMAX,11
19110130,TMAX,22
19110131,TMAX,122
19120101,TMAX,-194
19120102,TMAX,-217
19120103,TMAX,-172
19120104,TMAX,-189
19120105,TMAX,-278
19120106,TMAX,-244
19120107,TMAX,-189
19120108,TMAX,-139
19120109,TMAX,-194
19120110,TMAX,-244
19120111,TMAX,-289
19120112,TMAX,-206
19120113,TMAX,-44
19120114,TMAX,-144
19120115,TMAX,-172
19120116,TMAX,-56
19120117,TMAX,-100
19120118,TMAX,-111
19120119,TMAX,-122
19120120,TMAX,-122
19120121,TMAX,-61
19120122,TMAX,33
19120123,TMAX,11
19120124,TMAX,-39
19120125,TMAX,-17
19120126,TMAX,-22
19120127,TMAX,-78
19120128,TMAX,-61
19120129,TMAX,-56
19120130,TMAX,-72
19120131,TMAX,22
19130101,TMAX,78
19130102,TMAX,-6
19130103,TMAX,0
19130104,TMAX,-50
19130105,TMAX,-194
19130106,TMAX,-183
19130107,TMAX,-122
19130108,TMAX,-22
19130109,TMAX,0
19130110,TMAX,-94
19130111,TMAX,-194
19130112,TMAX,-133
19130113,TMAX,-128
19130114,TMAX,39
19130115,TMAX,56
19130116,TMAX,89
19130117,TMAX,-117
19130118,TMAX,-11
19130119,TMAX,-22
19130120,TMAX,-139
19130121,TMAX,33
19130122,TMAX,89
19130123,TMAX,-56
19130124,TMAX,78
19130125,TMAX,133
19130126,TMAX,61
19130127,TMAX,72
19130128,TMAX,67
19130129,TMAX,128
19130130,TMAX,56
19130131,TMAX,-194
19140101,TMAX,56
19140102,TMAX,-39
19140103,TMAX,-83
19140104,TMAX,-94
19140105,TMAX,-11
19140106,TMAX,44
19140107,TMAX,94
19140108,TMAX,61
19140109,TMAX,-50
19140110,TMAX,6
19140111,TMAX,-22
19140112,TMAX,-67
19140113,TMAX,50
19140114,TMAX,100
19140115,TMAX,122
19140116,TMAX,33
19140117,TMAX,17
19140118,TMAX,44
19140119,TMAX,50
19140120,TMAX,-11
19140121,TMAX,-111
19140122,TMAX,-61
19140123,TMAX,-67
19140124,TMAX,-133
19140125,TMAX,-72
19140126,TMAX,56
19140127,TMAX,22
19140128,TMAX,33
19140129,TMAX,-94
19140130,TMAX,78
19140131,TMAX,-11
19150101,TMAX,22
19150102,TMAX,-61
19150103,TMAX,-28
19150104,TMAX,33
19150105,TMAX,-6
19150106,TMAX,-6
19150107,TMAX,-78
19150108,TMAX,-33
19150109,TMAX,0
19150110,TMAX,6
19150111,TMAX,22
19150112,TMAX,50
19150113,TMAX,61
19150114,TMAX,-6
19150115,TMAX,-28
19150116,TMAX,-111
19150117,TMAX,-28
19150118,TMAX,22
19150119,TMAX,0
19150120,TMAX,-106
19150121,TMAX,-156
19150122,TMAX,-128
19150123,TMAX,-117
19150124,TMAX,-150
19150125,TMAX,-139
19150126,TMAX,-150
19150127,TMAX,-200
19150128,TMAX,-122
19150129,TMAX,-106
19150130,TMAX,-83
19150131,TMAX,-67
19160101,TMAX,-61
19160102,TMAX,-122
19160103,TMAX,22
19160104,TMAX,28
19160105,TMAX,-117
19160106,TMAX,-100
19160107,TMAX,-50
19160108,TMAX,-6
19160109,TMAX,33
19160110,TMAX,-117
19160111,TMAX,-211
19160112,TMAX,-239
19160113,TMAX,-267
19160114,TMAX,-200
19160115,TMAX,-161
19160116,TMAX,-178
19160117,TMAX,-94
19160118,TMAX,-122
19160119,TMAX,-22
19160120,TMAX,0
19160121,TMAX,28
19160122,TMAX,-39
19160123,TMAX,17
19160124,TMAX,11
19160125,TMAX,-156
19160126,TMAX,-167
19160127,TMAX,-206
19160128,TMAX,-189
19160129,TMAX,-194
19160130,TMAX,-156
19160131,TMAX,-156
19170101,TMAX,-17
19170102,TMAX,-22
19170103,TMAX,22
19170104,TMAX,-44
19170105,TMAX,-33
19170106,TMAX,11
19170107,TMAX,6
19170108,TMAX,44
19170109,TMAX,72
19170110,TMAX,11
19170111,TMAX,-50
19170112,TMAX,-56
19170113,TMAX,-189
19170114,TMAX,-206
19170115,TMAX,-139
19170116,TMAX,-61
19170117,TMAX,-11
19170118,TMAX,-17
19170119,TMAX,0
19170120,TMAX,-78
19170121,TMAX,-117
19170122,TMAX,-200
19170123,TMAX,-72
19170124,TMAX,-139
19170125,TMAX,-150
19170126,TMAX,-122
19170127,TMAX,-44
19170128,TMAX,28
19170129,TMAX,-56
19170130,TMAX,-67
19170131,TMAX,-206
19180101,TMAX,100
19180102,TMAX,-28
19180103,TMAX,61
19180104,TMAX,28
19180105,TMAX,-22
19180106,TMAX,-128
19180107,TMAX,-122
19180108,TMAX,-111
19180109,TMAX,-133
19180110,TMAX,-161
19180111,TMAX,-228
19180112,TMAX,-194
19180113,TMAX,-133
19180114,TMAX,-122
19180115,TMAX,-100
19180116,TMAX,-100
19180117,TMAX,-117
19180118,TMAX,-100
19180119,TMAX,-100
19180120,TMAX,-50
19180121,TMAX,-56
19180122,TMAX,-117
19180123,TMAX,39
19180124,TMAX,61
19180125,TMAX,-50
19180126,TMAX,-217
19180127,TMAX,-161
19180128,TMAX,-161
19180129,TMAX,-206
19180130,TMAX,-244
19180131,TMAX,-211
19190101,TMAX,-156
19190102,TMAX,-222
19190103,TMAX,-156
19190104,TMAX,-28
19190105,TMAX,-100
19190106,TMAX,0
19190107,TMAX,-22
19190108,TMAX,39
19190109,TMAX,22
19190110,TMAX,28
19190111,TMAX,17
19190112,TMAX,-6
19190113,TMAX,17
19190114,TMAX,6
19190115,TMAX,39
19190116,TMAX,44
19190117,TMAX,78
19190118,TMAX,83
19190119,TMAX,94
19190120,TMAX,72
19190121,TMAX,-11
19190122,TMAX,11
19190123,TMAX,56
19190124,TMAX,89
19190125,TMAX,61
19190126,TMAX,89
19190127,TMAX,67
19190128,TMAX,61
19190129,TMAX,128
19190130,TMAX,56
19190131,TMAX,22
19200101,TMAX,-117
19200102,TMAX,-122
19200103,TMAX,-56
19200104,TMAX,-33
19200105,TMAX,22
19200106,TMAX,-17
19200107,TMAX,-33
19200108,TMAX,-44
19200109,TMAX,11
19200110,TMAX,6
19200111,TMAX,6
19200112,TMAX,61
19200113,TMAX,-33
19200114,TMAX,50
19200115,TMAX,0
19200116,TMAX,-61
19200117,TMAX,-128
19200118,TMAX,-28
19200119,TMAX,-39
19200120,TMAX,-117
19200121,TMAX,-72
19200122,TMAX,-100
19200123,TMAX,-167
19200124,TMAX,-217
19200125,TMAX,-11
19200126,TMAX,11
19200127,TMAX,-144
19200128,TMAX,39
19200129,TMAX,106
19200130,TMAX,-50
19200131,TMAX,17
19210101,TMAX,17
19210102,TMAX,44
19210103,TMAX,67
19210104,TMAX,6
19210105,TMAX,33
19210106,TMAX,17
19210107,TMAX,39
19210108,TMAX,6
19210109,TMAX,56
19210110,TMAX,-6
19210111,TMAX,-78
19210112,TMAX,-39
19210113,TMAX,33
19210114,TMAX,-28
19210115,TMAX,94
19210116,TMAX,-6
19210117,TMAX,-83
19210118,TMAX,-39
19210119,TMAX,156
19210120,TMAX,67
19210121,TMAX,11
19210122,TMAX,72
19210123,TMAX,56
19210124,TMAX,-44
19210125,TMAX,-56
19210126,TMAX,-56
19210127,TMAX,28
19210128,TMAX,-17
19210129,TMAX,-17
19210130,TMAX,-94
19210131,TMAX,-56
19220101,TMAX,28
19220102,TMAX,44
19220103,TMAX,-11
19220104,TMAX,-133
19220105,TMAX,-178
19220106,TMAX,-89
19220107,TMAX,-6
19220108,TMAX,0
19220109,TMAX,56
19220110,TMAX,6
19220111,TMAX,-17
19220112,TMAX,-11
19220113,TMAX,-6
19220114,TMAX,22
19220115,TMAX,-83
19220116,TMAX,-33
19220117,TMAX,-122
19220118,TMAX,-172
19220119,TMAX,-78
19220120,TMAX,-22
19220121,TMAX,-22
19220122,TMAX,-217
19220123,TMAX,-178
19220124,TMAX,-111
19220125,TMAX,-44
19220126,TMAX,-17
19220127,TMAX,17
19220128,TMAX,17
19220129,TMAX,-11
19220130,TMAX,-106
19220131,TMAX,-11
19230101,TMAX,-94
19230102,TMAX,-100
19230103,TMAX,39
19230104,TMAX,28
19230105,TMAX,-111
19230106,TMAX,-44
19230107,TMAX,17
19230108,TMAX,72
19230109,TMAX,33
19230110,TMAX,17
19230111,TMAX,17
19230112,TMAX,50
19230113,TMAX,22
19230114,TMAX,56
19230115,TMAX,89
19230116,TMAX,-22
19230117,TMAX,144
19230118,TMAX,106
19230119,TMAX,-56
19230120,TMAX,-28
19230121,TMAX,-11
19230122,TMAX,50
19230123,TMAX,39
19230124,TMAX,-61
19230125,TMAX,-6
19230126,TMAX,-17
19230127,TMAX,-61
19230128,TMAX,-72
19230129,TMAX,-39
19230130,TMAX,-72
19230131,TMAX,-83
19240101,TMAX,-183
19240102,TMAX,-156
19240103,TMAX,-183
19240104,TMAX,-211
19240105,TMAX,-172
19240106,TMAX,61
19240107,TMAX,39
19240108,TMAX,0
19240109,TMAX,-39
19240110,TMAX,-139
19240111,TMAX,-56
19240112,TMAX,-111
19240113,TMAX,-133
19240114,TMAX,-56
19240115,TMAX,-6
19240116,TMAX,-178
19240117,TMAX,-78
19240118,TMAX,-128
19240119,TMAX,-133
19240120,TMAX,-150
19240121,TMAX,-17
19240122,TMAX,39
19240123,TMAX,-17
19240124,TMAX,-33
19240125,TMAX,-161
19240126,TMAX,-100
19240127,TMAX,-11
19240128,TMAX,89
19240129,TMAX,89
19240130,TMAX,100
19240131,TMAX,89
19250101,TMAX,-117
19250102,TMAX,-39
19250103,TMAX,0
19250104,TMAX,-50
19250105,TMAX,-33
19250106,TMAX,17
19250107,TMAX,-50
19250108,TMAX,-39
19250109,TMAX,-72
19250110,TMAX,-83
19250111,TMAX,-39
19250112,TMAX,-139
19250113,TMAX,-150
19250114,TMAX,-172
19250115,TMAX,-172
19250116,TMAX,-156
19250117,TMAX,-22
19250118,TMAX,-33
19250119,TMAX,39
19250120,TMAX,-22
19250121,TMAX,72
19250122,TMAX,0
19250123,TMAX,33
19250124,TMAX,-11
19250125,TMAX,-44
19250126,TMAX,-211
19250127,TMAX,-72
19250128,TMAX,-56
19250129,TMAX,-83
19250130,TMAX,-17
19250131,TMAX,6
19260101,TMAX,11
19260102,TMAX,-11
19260103,TMAX,6
19260104,TMAX,6
19260105,TMAX,11
19260106,TMAX,-39
19260107,TMAX,-50
19260108,TMAX,-6
19260109,TMAX,-33
19260110,TMAX,33
19260111,TMAX,-100
19260112,TMAX,17
19260113,TMAX,44
19260114,TMAX,22
19260115,TMAX,17
19260116,TMAX,11
19260117,TMAX,28
19260118,TMAX,6
19260119,TMAX,-117
19260120,TMAX,-117
19260121,TMAX,-167
19260122,TMAX,-172
19260123,TMAX,-6
19260124,TMAX,-144
19260125,TMAX,-67
19260126,TMAX,-11
19260127,TMAX,-22
19260128,TMAX,-94
19260129,TMAX,39
19260130,TMAX,-6
19260131,TMAX,-56
19270101,TMAX,128
19270102,TMAX,56
19270103,TMAX,89
19270104,TMAX,83
19270105,TMAX,78
19270106,TMAX,44
19270107,TMAX,28
19270108,TMAX,61
19270109,TMAX,-28
19270110,TMAX,-33
19270111,TMAX,11
19270112,TMAX,-100
19270113,TMAX,-78
19270114,TMAX,-128
19270115,TMAX,-28
19270116,TMAX,17
19270117,TMAX,-33
19270118,TMAX,-156
19270119,TMAX,-128
19270120,TMAX,-161
19270121,TMAX,-200
19270122,TMAX,-106
19270123,TMAX,-39
19270124,TMAX,0
19270125,TMAX,-139
19270126,TMAX,-67
19270127,TMAX,-17
19270128,TMAX,122
19270129,TMAX,44
19270130,TMAX,-33
19270131,TMAX,39
19280101,TMAX,-233
19280102,TMAX,-194
19280103,TMAX,-156
19280104,TMAX,-106
19280105,TMAX,50
19280106,TMAX,44
19280107,TMAX,39
19280108,TMAX,11
19280109,TMAX,61
19280110,TMAX,94
19280111,TMAX,83
19280112,TMAX,106
19280113,TMAX,44
19280114,TMAX,28
19280115,TMAX,-56
19280116,TMAX,-6
19280117,TMAX,61
19280118,TMAX,28
19280119,TMAX,-17
19280120,TMAX,-89
19280121,TMAX,28
19280122,TMAX,39
19280123,TMAX,-61
19280124,TMAX,-61
19280125,TMAX,-56
19280126,TMAX,-33
19280127,TMAX,-100
19280128,TMAX,-11
19280129,TMAX,-56
19280130,TMAX,-39
19280131,TMAX,-17
19290101,TMAX,-100
19290102,TMAX,-39
19290103,TMAX,-78
19290104,TMAX,-50
19290105,TMAX,-144
19290106,TMAX,-89
19290107,TMAX,-111
19290108,TMAX,56
19290109,TMAX,-22
19290110,TMAX,67
19290111,TMAX,0
19290112,TMAX,0
19290113,TMAX,-150
19290114,TMAX,-144
19290115,TMAX,-100
19290116,TMAX,-117
19290117,TMAX,-83
19290118,TMAX,-83
19290119,TMAX,-144
19290120,TMAX,-56
19290121,TMAX,-44
19290122,TMAX,-44
19290123,TMAX,-206
19290124,TMAX,-194
19290125,TMAX,-206
19290126,TMAX,-183
19290127,TMAX,-183
19290128,TMAX,-189
19290129,TMAX,-178
19290130,TMAX,-144
19290131,TMAX,-194
19300101,TMAX,44
19300102,TMAX,-33
19300104,TMAX,83
19300105,TMAX,28
19300106,TMAX,-128
19300107,TMAX,-144
19300108,TMAX,-167
19300109,TMAX,-172
19300110,TMAX,-94
19300111,TMAX,-89
19300112,TMAX,-100
19300113,TMAX,-167
19300114,TMAX,-172
19300115,TMAX,-167
19300116,TMAX,-239
19300117,TMAX,-133
19300118,TMAX,-106
19300119,TMAX,-161
19300120,TMAX,-183
19300121,TMAX,-156
19300122,TMAX,-139
19300123,TMAX,-44
19300124,TMAX,-50
19300125,TMAX,-89
19300126,TMAX,-61
19300127,TMAX,-67
19300128,TMAX,-100
19300129,TMAX,-56
19300130,TMAX,-72
19300131,TMAX,-61
19310101,TMAX,72
19310102,TMAX,83
19310103,TMAX,56
19310104,TMAX,39
19310105,TMAX,-44
19310106,TMAX,28
19310107,TMAX,6
19310108,TMAX,44
19310109,TMAX,72
19310110,TMAX,67
19310111,TMAX,-11
19310112,TMAX,-33
19310113,TMAX,-139
19310114,TMAX,-44
19310115,TMAX,100
19310116,TMAX,61
19310117,TMAX,-6
19310118,TMAX,-22
19310119,TMAX,-28
19310120,TMAX,-33
19310121,TMAX,72
19310122,TMAX,67
19310123,TMAX,122
19310124,TMAX,117
19310125,TMAX,67
19310126,TMAX,144
19310127,TMAX,106
19310128,TMAX,111
19310129,TMAX,172
19310130,TMAX,139
19310131,TMAX,67
19320101,TMAX,-94
19320102,TMAX,-139
19320103,TMAX,-56
19320104,TMAX,-22
19320105,TMAX,-89
19320106,TMAX,-89
19320107,TMAX,-94
19320108,TMAX,-128
19320109,TMAX,-44
19320110,TMAX,-67
19320111,TMAX,17
19320112,TMAX,28
19320113,TMAX,-33
19320114,TMAX,-128
19320115,TMAX,-100
19320116,TMAX,-28
19320117,TMAX,-39
19320118,TMAX,-61
19320119,TMAX,22
19320120,TMAX,-61
19320121,TMAX,-61
19320122,TMAX,-33
19320123,TMAX,-61
19320124,TMAX,-6
19320125,TMAX,22
19320126,TMAX,-33
19320127,TMAX,-22
19320128,TMAX,-61
19320129,TMAX,-167
19320130,TMAX,-222
19320131,TMAX,-178
19330101,TMAX,50
19330102,TMAX,72
19330103,TMAX,6
19330104,TMAX,33
19330105,TMAX,72
19330106,TMAX,94
19330107,TMAX,-6
19330108,TMAX,56
19330109,TMAX,106
19330110,TMAX,72
19330111,TMAX,-33
19330112,TMAX,-17
19330113,TMAX,-6
19330114,TMAX,72
19330115,TMAX,78
19330116,TMAX,-111
19330117,TMAX,-111
19330118,TMAX,44
19330119,TMAX,-17
19330120,TMAX,39
19330121,TMAX,111
19330122,TMAX,50
19330123,TMAX,72
19330124,TMAX,67
19330125,TMAX,78
19330126,TMAX,-56
19330127,TMAX,-56
19330128,TMAX,11
19330129,TMAX,22
19330130,TMAX,11
19330131,TMAX,-33
19340101,TMAX,-106
19340102,TMAX,-100
19340103,TMAX,-56
19340104,TMAX,-28
19340105,TMAX,-17
19340106,TMAX,17
19340107,TMAX,-83
19340108,TMAX,17
19340109,TMAX,-17
19340110,TMAX,17
19340111,TMAX,11
19340112,TMAX,-11
19340113,TMAX,-28
19340114,TMAX,83
19340115,TMAX,50
19340116,TMAX,-17
19340117,TMAX,44
19340118,TMAX,6
19340119,TMAX,11
19340120,TMAX,89
19340121,TMAX,89
19340122,TMAX,44
19340123,TMAX,72
19340124,TMAX,33
19340125,TMAX,-22
19340126,TMAX,106
19340127,TMAX,150
19340128,TMAX,-28
19340129,TMAX,-128
19340130,TMAX,133
19340131,TMAX,61
19350101,TMAX,61
19350102,TMAX,117
19350103,TMAX,-106
19350104,TMAX,67
19350105,TMAX,83
19350106,TMAX,61
19350107,TMAX,39
19350108,TMAX,-50
19350109,TMAX,33
19350110,TMAX,33
19350111,TMAX,-28
19350112,TMAX,-28
19350113,TMAX,-100
19350114,TMAX,-106
19350115,TMAX,-78
19350116,TMAX,-50
19350117,TMAX,-133
19350118,TMAX,-133
19350119,TMAX,-233
19350120,TMAX,-244
19350121,TMAX,-167
19350122,TMAX,-150
19350123,TMAX,-189
19350124,TMAX,-28
19350125,TMAX,-50
19350126,TMAX,-117
19350127,TMAX,-6
19350128,TMAX,-6
19350129,TMAX,-44
19350130,TMAX,-11
19350131,TMAX,-17
19360101,TMAX,-78
19360102,TMAX,-33
19360103,TMAX,-22
19360104,TMAX,-150
19360105,TMAX,-89
19360106,TMAX,-128
19360107,TMAX,-150
19360108,TMAX,-56
19360109,TMAX,33
19360110,TMAX,44
19360111,TMAX,-50
19360112,TMAX,-39
19360113,TMAX,-94
19360114,TMAX,-78
19360115,TMAX,-122
19360116,TMAX,-122
19360117,TMAX,-133
19360118,TMAX,-156
19360119,TMAX,-189
19360120,TMAX,-167
19360121,TMAX,-139
19360122,TMAX,-250
19360123,TMAX,-239
19360124,TMAX,-211
19360125,TMAX,-172
19360126,TMAX,-194
19360127,TMAX,-217
19360128,TMAX,-150
19360129,TMAX,-133
19360130,TMAX,-167
19360131,TMAX,-150
19370101,TMAX,-133
19370102,TMAX,-150
19370103,TMAX,-22
19370104,TMAX,22
19370105,TMAX,-167
19370106,TMAX,-172
19370107,TMAX,-239
19370108,TMAX,-217
19370109,TMAX,-178
19370110,TMAX,-122
19370111,TMAX,-67
19370112,TMAX,-56
19370113,TMAX,-22
19370114,TMAX,-161
19370115,TMAX,-161
19370116,TMAX,-72
19370117,TMAX,-139
19370118,TMAX,-133
19370119,TMAX,-111
19370120,TMAX,-122
19370121,TMAX,-194
19370122,TMAX,-178
19370123,TMAX,-100
19370124,TMAX,-89
19370125,TMAX,-189
19370126,TMAX,-67
19370127,TMAX,-22
19370128,TMAX,-156
19370129,TMAX,-156
19370130,TMAX,-172
19370131,TMAX,-183
19380101,TMAX,-50
19380102,TMAX,-6
19380103,TMAX,-11
19380104,TMAX,22
19380105,TMAX,-50
19380106,TMAX,-67
19380107,TMAX,-133
19380108,TMAX,-117
19380109,TMAX,-117
19380110,TMAX,28
19380111,TMAX,0
19380112,TMAX,-50
19380113,TMAX,-50
19380114,TMAX,-72
19380115,TMAX,6
19380116,TMAX,-6
19380117,TMAX,-22
19380118,TMAX,-33
19380119,TMAX,-11
19380120,TMAX,28
19380121,TMAX,6
19380122,TMAX,50
19380123,TMAX,33
19380124,TMAX,-22
19380125,TMAX,-183
19380126,TMAX,-139
19380127,TMAX,-94
19380128,TMAX,-67
19380129,TMAX,-122
19380130,TMAX,-194
19380131,TMAX,-156
19390101,TMAX,128
19390102,TMAX,50
19390103,TMAX,44
19390104,TMAX,-6
19390105,TMAX,17
19390106,TMAX,22
19390107,TMAX,61
19390108,TMAX,100
19390109,TMAX,72
19390110,TMAX,0
19390111,TMAX,17
19390112,TMAX,-39
19390113,TMAX,22
19390114,TMAX,-11
19390115,TMAX,-100
19390116,TMAX,-94
19390117,TMAX,-78
19390118,TMAX,-117
19390119,TMAX,39
19390120,TMAX,67
19390121,TMAX,0
19390122,TMAX,-61
19390123,TMAX,33
19390124,TMAX,6
19390125,TMAX,44
19390126,TMAX,17
19390127,TMAX,44
19390128,TMAX,-6
19390129,TMAX,0
19390130,TMAX,-17
19390131,TMAX,6
19400101,TMAX,-144
19400102,TMAX,-133
19400103,TMAX,-144
19400104,TMAX,-194
19400105,TMAX,-117
19400106,TMAX,-106
19400107,TMAX,-83
19400108,TMAX,-106
19400109,TMAX,-89
19400110,TMAX,-33
19400111,TMAX,-39
19400112,TMAX,-39
19400113,TMAX,-78
19400114,TMAX,-56
19400115,TMAX,-100
19400116,TMAX,-111
19400117,TMAX,-178
19400118,TMAX,-161
19400119,TMAX,-128
19400120,TMAX,-139
19400121,TMAX,-78
19400122,TMAX,-44
19400123,TMAX,-122
19400124,TMAX,-200
19400125,TMAX,-150
19400126,TMAX,-122
19400127,TMAX,-22
19400128,TMAX,-22
19400129,TMAX,-11
19400130,TMAX,44
19400131,TMAX,33
19410101,TMAX,11
19410102,TMAX,-28
19410103,TMAX,-61
19410104,TMAX,-156
19410105,TMAX,-106
19410106,TMAX,-50
19410107,TMAX,0
19410108,TMAX,-39
19410109,TMAX,-44
19410110,TMAX,17
19410111,TMAX,83
19410112,TMAX,-6
19410113,TMAX,-11
19410114,TMAX,-6
19410115,TMAX,6
19410116,TMAX,0
19410117,TMAX,-89
19410118,TMAX,-106
19410119,TMAX,-50
19410120,TMAX,-33
19410121,TMAX,-28
19410122,TMAX,-133
19410123,TMAX,-78
19410124,TMAX,-67
19410125,TMAX,-161
19410126,TMAX,-67
19410127,TMAX,-83
19410128,TMAX,-17
19410129,TMAX,28
19410130,TMAX,56
19410131,TMAX,61
19420101,TMAX,-178
19420102,TMAX,-89
19420103,TMAX,-167
19420104,TMAX,-194
19420105,TMAX,-144
19420106,TMAX,-150
19420107,TMAX,-150
19420108,TMAX,-78
19420109,TMAX,-139
19420110,TMAX,33
19420111,TMAX,83
19420112,TMAX,67
19420113,TMAX,89
19420114,TMAX,67
19420115,TMAX,83
19420116,TMAX,83
19420117,TMAX,50
19420118,TMAX,89
19420119,TMAX,83
19420120,TMAX,78
19420121,TMAX,139
19420122,TMAX,133
19420123,TMAX,72
19420124,TMAX,133
19420125,TMAX,122
19420126,TMAX,78
19420127,TMAX,67
19420128,TMAX,94
19420129,TMAX,28
19420130,TMAX,-28
19420131,TMAX,-56
19430101,TMAX,-11
19430102,TMAX,-106
19430103,TMAX,-156
19430104,TMAX,-106
19430105,TMAX,-44
19430106,TMAX,-100
19430107,TMAX,-111
19430108,TMAX,22
19430109,TMAX,11
19430110,TMAX,56
19430111,TMAX,-28
19430112,TMAX,-122
19430113,TMAX,56
19430114,TMAX,39
19430115,TMAX,11
19430116,TMAX,-100
19430117,TMAX,-278
19430118,TMAX,-250
19430119,TMAX,-161
19430120,TMAX,-228
19430121,TMAX,-172
19430122,TMAX,-167
19430123,TMAX,-178
19430124,TMAX,-183
19430125,TMAX,-144
19430126,TMAX,-44
19430127,TMAX,6
19430128,TMAX,-67
19430129,TMAX,11
19430130,TMAX,-83
19430131,TMAX,-94
19440101,TMAX,100
19440102,TMAX,83
19440103,TMAX,83
19440104,TMAX,-33
19440105,TMAX,0
19440106,TMAX,-78
19440107,TMAX,-72
19440108,TMAX,-17
19440109,TMAX,50
19440110,TMAX,-28
19440111,TMAX,-83
19440112,TMAX,-39
19440113,TMAX,78
19440114,TMAX,100
19440115,TMAX,11
19440116,TMAX,72
19440117,TMAX,117
19440118,TMAX,128
19440119,TMAX,56
19440120,TMAX,172
19440121,TMAX,72
19440122,TMAX,67
19440123,TMAX,133
19440124,TMAX,89
19440125,TMAX,50
19440126,TMAX,22
19440127,TMAX,22
19440128,TMAX,-11
19440129,TMAX,0
19440130,TMAX,0
19440131,TMAX,-61
19450101,TMAX,-183
19450102,TMAX,-44
19450103,TMAX,-83
19450104,TMAX,-67
19450105,TMAX,-117
19450106,TMAX,-44
19450107,TMAX,-22
19450108,TMAX,-133
19450109,TMAX,-11
19450110,TMAX,-11
19450111,TMAX,78
19450112,TMAX,44
19450113,TMAX,61
19450114,TMAX,-33
19450115,TMAX,-17
19450116,TMAX,-39
19450117,TMAX,22
19450118,TMAX,0
19450119,TMAX,6
19450120,TMAX,0
19450121,TMAX,-6
19450122,TMAX,6
19450123,TMAX,39
19450124,TMAX,33
19450125,TMAX,-11
19450126,TMAX,0
19450127,TMAX,-28
19450128,TMAX,-61
19450129,TMAX,-122
19450130,TMAX,-128
19450131,TMAX,-94
19460101,TMAX,-78
19460102,TMAX,-50
19460103,TMAX,11
19460104,TMAX,-6
19460105,TMAX,-67
19460106,TMAX,-28
19460107,TMAX,-33
19460108,TMAX,28
19460109,TMAX,22
19460110,TMAX,44
19460111,TMAX,-22
19460112,TMAX,-67
19460113,TMAX,22
19460114,TMAX,33
19460115,TMAX,-89
19460116,TMAX,22
19460117,TMAX,39
19460118,TMAX,22
19460119,TMAX,-67
19460120,TMAX,-72
19460121,TMAX,-100
19460122,TMAX,39
19460123,TMAX,33
19460124,TMAX,0
19460125,TMAX,6
19460126,TMAX,-100
19460127,TMAX,11
19460128,TMAX,50
19460129,TMAX,6
19460130,TMAX,-150
19460131,TMAX,-6
19470101,TMAX,-56
19470102,TMAX,-111
19470103,TMAX,-144
19470104,TMAX,11
19470105,TMAX,-22
19470106,TMAX,39
19470107,TMAX,44
19470108,TMAX,22
19470109,TMAX,50
19470110,TMAX,72
19470111,TMAX,28
19470112,TMAX,-22
19470113,TMAX,17
19470114,TMAX,-72
19470115,TMAX,-117
19470116,TMAX,44
19470117,TMAX,83
19470118,TMAX,83
19470119,TMAX,78
19470120,TMAX,-17
19470121,TMAX,-89
19470122,TMAX,67
19470123,TMAX,128
19470124,TMAX,117
19470125,TMAX,89
19470126,TMAX,139
19470127,TMAX,28
19470128,TMAX,-11
19470129,TMAX,-39
19470130,TMAX,-72
19470131,TMAX,-78
19480101,TMAX,-133
19480102,TMAX,-44
19480103,TMAX,22
19480104,TMAX,17
19480105,TMAX,17
19480106,TMAX,11
19480107,TMAX,50
19480108,TMAX,33
19480109,TMAX,-6
19480110,TMAX,6
19480111,TMAX,28
19480112,TMAX,-50
19480113,TMAX,-100
19480114,TMAX,17
19480115,TMAX,0
19480116,TMAX,-178
19480117,TMAX,-117
19480118,TMAX,-89
19480119,TMAX,6
19480120,TMAX,33
19480121,TMAX,-72
19480122,TMAX,-161
19480123,TMAX,-144
19480124,TMAX,-89
19480125,TMAX,-67
19480126,TMAX,-178
19480127,TMAX,-189
19480128,TMAX,-67
19480129,TMAX,-61
19480130,TMAX,-44
19480131,TMAX,-50
19490101,TMAX,0
19490102,TMAX,-22
19490103,TMAX,-17
19490104,TMAX,11
19490105,TMAX,-39
19490106,TMAX,44
19490107,TMAX,83
19490108,TMAX,-11
19490109,TMAX,-172
19490110,TMAX,-156
19490111,TMAX,-117
19490112,TMAX,-28
19490113,TMAX,28
19490114,TMAX,0
19490115,TMAX,-22
19490116,TMAX,-133
19490117,TMAX,-122
19490118,TMAX,-78
19490119,TMAX,-178
19490120,TMAX,-144
19490121,TMAX,-228
19490122,TMAX,-117
19490123,TMAX,-117
19490124,TMAX,-194
19490125,TMAX,-189
19490126,TMAX,-133
19490127,TMAX,-89
19490128,TMAX,-144
19490129,TMAX,-156
19490130,TMAX,-17
19490131,TMAX,-50
19500101,TMAX,-6
19500102,TMAX,-106
19500103,TMAX,-206
19500104,TMAX,-178
19500105,TMAX,-106
19500106,TMAX,-28
19500107,TMAX,-83
19500108,TMAX,-28
19500109,TMAX,-106
19500110,TMAX,-150
19500111,TMAX,22
19500112,TMAX,-44
19500113,TMAX,-167
19500114,TMAX,-122
19500115,TMAX,-150
19500116,TMAX,-167
19500117,TMAX,-161
19500118,TMAX,-100
19500119,TMAX,-144
19500120,TMAX,-67
19500121,TMAX,-28
19500122,TMAX,-44
19500123,TMAX,-56
19500124,TMAX,-39
19500125,TMAX,-244
19500126,TMAX,-206
19500127,TMAX,-67
19500128,TMAX,-50
19500129,TMAX,-156
19500130,TMAX,-144
19500131,TMAX,-122
19510101,TMAX,-61
19510102,TMAX,-11
19510103,TMAX,-33
19510104,TMAX,-39
19510105,TMAX,-139
19510106,TMAX,-133
19510107,TMAX,-78
19510108,TMAX,-22
19510109,TMAX,11
19510110,TMAX,6
19510111,TMAX,-11
19510112,TMAX,17
19510113,TMAX,28
19510114,TMAX,11
19510115,TMAX,17
19510116,TMAX,72
19510117,TMAX,72
19510118,TMAX,22
19510119,TMAX,-56
19510120,TMAX,-156
19510121,TMAX,-61
19510122,TMAX,78
19510123,TMAX,-56
19510124,TMAX,-67
19510125,TMAX,-78
19510126,TMAX,-128
19510127,TMAX,-206
19510128,TMAX,-228
19510129,TMAX,-167
19510130,TMAX,-133
19510131,TMAX,-178
19520101,TMAX,-172
19520102,TMAX,-94
19520103,TMAX,-56
19520104,TMAX,-22
19520105,TMAX,-122
19520106,TMAX,-17
19520107,TMAX,-56
19520108,TMAX,-83
19520109,TMAX,-89
19520110,TMAX,6
19520111,TMAX,-22
19520112,TMAX,-67
19520113,TMAX,-67
19520114,TMAX,-6
19520115,TMAX,-61
19520116,TMAX,-56
19520117,TMAX,-17
19520118,TMAX,-39
19520119,TMAX,-61
19520120,TMAX,-94
19520121,TMAX,-44
19520122,TMAX,-94
19520123,TMAX,-200
19520124,TMAX,-100
19520125,TMAX,-78
19520126,TMAX,-133
19520127,TMAX,-122
19520128,TMAX,-150
19520129,TMAX,-117
19520130,TMAX,11
19520131,TMAX,39
19530101,TMAX,17
19530102,TMAX,6
19530103,TMAX,-17
19530104,TMAX,6
19530105,TMAX,-78
19530106,TMAX,-83
19530107,TMAX,-72
19530108,TMAX,-28
19530109,TMAX,-6
19530110,TMAX,78
19530111,TMAX,22
19530112,TMAX,100
19530113,TMAX,6
19530114,TMAX,-117
19530115,TMAX,-183
19530116,TMAX,-106
19530117,TMAX,0
19530118,TMAX,-83
19530119,TMAX,-33
19530120,TMAX,-28
19530121,TMAX,-6
19530122,TMAX,-44
19530123,TMAX,22
19530124,TMAX,-17
19530125,TMAX,-17
19530126,TMAX,61
19530127,TMAX,-11
19530128,TMAX,-22
19530129,TMAX,6
19530130,TMAX,33
19530131,TMAX,-17
19540101,TMAX,22
19540102,TMAX,-56
19540103,TMAX,0
19540104,TMAX,22
19540105,TMAX,22
19540106,TMAX,0
19540107,TMAX,-50
19540108,TMAX,-50
19540109,TMAX,-144
19540110,TMAX,-22
19540111,TMAX,-106
19540112,TMAX,-89
19540113,TMAX,-56
19540114,TMAX,-61
19540115,TMAX,-33
19540116,TMAX,-222
19540117,TMAX,-117
19540118,TMAX,-111
19540119,TMAX,-106
19540120,TMAX,-194
19540121,TMAX,-206
19540122,TMAX,-67
19540123,TMAX,-33
19540124,TMAX,-183
19540125,TMAX,-156
19540126,TMAX,-156
19540127,TMAX,-89
19540128,TMAX,-28
19540129,TMAX,-22
19540130,TMAX,-56
19540131,TMAX,22
19550101,TMAX,17
19550102,TMAX,78
19550103,TMAX,0
19550104,TMAX,-33
19550105,TMAX,-17
19550106,TMAX,6
19550107,TMAX,17
19550108,TMAX,22
19550109,TMAX,-56
19550110,TMAX,-11
19550111,TMAX,-28
19550112,TMAX,-83
19550113,TMAX,-6
19550114,TMAX,44
19550115,TMAX,33
19550116,TMAX,-44
19550117,TMAX,-39
19550118,TMAX,-33
19550119,TMAX,-50
19550120,TMAX,-17
19550121,TMAX,-61
19550122,TMAX,-72
19550123,TMAX,-61
19550124,TMAX,-28
19550125,TMAX,-28
19550126,TMAX,-50
19550127,TMAX,-22
19550128,TMAX,-100
19550129,TMAX,-33
19550130,TMAX,17
19550131,TMAX,17
19560101,TMAX,-33
19560102,TMAX,22
19560103,TMAX,6
19560104,TMAX,-22
19560105,TMAX,33
19560106,TMAX,-28
19560107,TMAX,-67
19560108,TMAX,-11
19560109,TMAX,-28
19560110,TMAX,-83
19560111,TMAX,-78
19560112,TMAX,-50
19560113,TMAX,6
19560114,TMAX,-6
19560115,TMAX,-128
19560116,TMAX,-206
19560117,TMAX,-189
19560118,TMAX,-156
19560119,TMAX,-133
19560120,TMAX,-178
19560121,TMAX,-183
19560122,TMAX,-150
19560123,TMAX,-83
19560124,TMAX,-56
19560125,TMAX,-61
19560126,TMAX,-44
19560127,TMAX,11
19560128,TMAX,-22
19560129,TMAX,-139
19560130,TMAX,-167
19560131,TMAX,-172
19570101,TMAX,-78
19570102,TMAX,28
19570103,TMAX,-11
19570104,TMAX,-78
19570105,TMAX,-22
19570106,TMAX,17
19570107,TMAX,44
19570108,TMAX,-11
19570109,TMAX,-189
19570110,TMAX,-111
19570111,TMAX,-117
19570112,TMAX,-144
19570113,TMAX,-167
19570114,TMAX,-117
19570115,TMAX,-139
19570116,TMAX,-78
19570117,TMAX,-61
19570118,TMAX,17
19570119,TMAX,17
19570120,TMAX,-39
19570121,TMAX,-22
19570122,TMAX,-122
19570123,TMAX,-56
19570124,TMAX,-161
19570125,TMAX,-178
19570126,TMAX,-139
19570127,TMAX,-56
19570128,TMAX,-67
19570129,TMAX,-167
19570130,TMAX,-28
19570131,TMAX,-28
19580101,TMAX,22
19580102,TMAX,-72
19580103,TMAX,-28
19580104,TMAX,0
19580105,TMAX,78
19580106,TMAX,0
19580107,TMAX,-39
19580108,TMAX,156
19580109,TMAX,133
19580110,TMAX,67
19580111,TMAX,111
19580112,TMAX,39
19580113,TMAX,89
19580114,TMAX,-39
19580115,TMAX,39
19580116,TMAX,50
19580117,TMAX,-39
19580118,TMAX,6
19580119,TMAX,-44
19580120,TMAX,-28
19580121,TMAX,0
19580122,TMAX,-22
19580123,TMAX,0
19580124,TMAX,50
19580125,TMAX,-17
19580126,TMAX,-39
19580127,TMAX,-61
19580128,TMAX,-33
19580129,TMAX,0
19580130,TMAX,-22
19580131,TMAX,-22
19590101,TMAX,-22
19590102,TMAX,-122
19590103,TMAX,-178
19590104,TMAX,-128
19590105,TMAX,-94
19590106,TMAX,-50
19590107,TMAX,-44
19590108,TMAX,-17
19590109,TMAX,22
19590110,TMAX,-22
19590111,TMAX,-17
19590112,TMAX,28
19590113,TMAX,39
19590114,TMAX,33
19590115,TMAX,-128
19590116,TMAX,-161
19590117,TMAX,-122
19590118,TMAX,-22
19590119,TMAX,-106
19590120,TMAX,-133
19590121,TMAX,-139
19590122,TMAX,-144
19590123,TMAX,-78
19590124,TMAX,-67
19590125,TMAX,-117
19590126,TMAX,-83
19590127,TMAX,6
19590128,TMAX,0
19590129,TMAX,-94
19590130,TMAX,-139
19590131,TMAX,-144
19600101,TMAX,-11
19600102,TMAX,-33
19600103,TMAX,-144
19600104,TMAX,-83
19600105,TMAX,-17
19600106,TMAX,28
19600107,TMAX,22
19600108,TMAX,-33
19600109,TMAX,-61
19600110,TMAX,-61
19600111,TMAX,-6
19600112,TMAX,-11
19600113,TMAX,-11
19600114,TMAX,-100
19600115,TMAX,-122
19600116,TMAX,-106
19600117,TMAX,-94
19600118,TMAX,-83
19600119,TMAX,-100
19600120,TMAX,-122
19600121,TMAX,-122
19600122,TMAX,-178
19600123,TMAX,-139
19600124,TMAX,-22
19600125,TMAX,-133
19600126,TMAX,-106
19600127,TMAX,-67
19600128,TMAX,-78
19600129,TMAX,-11
19600130,TMAX,22
19600131,TMAX,-6
19610101,TMAX,-61
19610102,TMAX,-117
19610103,TMAX,-22
19610104,TMAX,-44
19610105,TMAX,22
19610106,TMAX,44
19610107,TMAX,11
19610108,TMAX,-56
19610109,TMAX,-50
19610110,TMAX,-6
19610111,TMAX,-11
19610112,TMAX,6
19610113,TMAX,6
19610114,TMAX,-106
19610115,TMAX,-67
19610116,TMAX,22
19610117,TMAX,28
19610118,TMAX,-6
19610119,TMAX,-72
19610120,TMAX,-83
19610121,TMAX,-156
19610122,TMAX,-139
19610123,TMAX,-61
19610124,TMAX,-267
19610125,TMAX,-128
19610126,TMAX,-222
19610127,TMAX,-78
19610128,TMAX,-72
19610129,TMAX,-100
19610130,TMAX,-72
19610131,TMAX,-67
19620101,TMAX,39
19620102,TMAX,111
19620103,TMAX,150
19620104,TMAX,33
19620105,TMAX,-128
19620106,TMAX,-28
19620107,TMAX,-11
19620108,TMAX,-150
19620109,TMAX,-211
19620110,TMAX,-150
19620111,TMAX,0
19620112,TMAX,0
19620113,TMAX,-39
19620114,TMAX,-83
19620115,TMAX,-128
19620116,TMAX,-111
19620117,TMAX,-206
19620118,TMAX,-200
19620119,TMAX,-194
19620120,TMAX,-189
19620121,TMAX,-189
19620122,TMAX,-89
19620123,TMAX,-11
19620124,TMAX,28
19620125,TMAX,61
19620126,TMAX,-33
19620127,TMAX,-50
19620128,TMAX,61
19620129,TMAX,89
19620130,TMAX,-67
19620131,TMAX,56
19630101,TMAX,28
19630102,TMAX,72
19630103,TMAX,78
19630104,TMAX,11
19630105,TMAX,-33
19630106,TMAX,89
19630107,TMAX,128
19630108,TMAX,161
19630109,TMAX,-11
19630110,TMAX,-167
19630111,TMAX,-194
19630112,TMAX,-206
19630113,TMAX,-133
19630114,TMAX,-211
19630115,TMAX,-189
19630116,TMAX,-111
19630117,TMAX,-28
19630118,TMAX,-194
19630119,TMAX,-72
19630120,TMAX,-128
19630121,TMAX,-50
19630122,TMAX,-150
19630123,TMAX,-183
19630124,TMAX,-133
19630125,TMAX,-156
19630126,TMAX,-183
19630127,TMAX,-178
19630128,TMAX,-100
19630129,TMAX,-128
19630130,TMAX,-133
19630131,TMAX,-44
19640101,TMAX,106
19640102,TMAX,122
19640103,TMAX,67
19640104,TMAX,100
19640105,TMAX,22
19640106,TMAX,61
19640107,TMAX,22
19640108,TMAX,-11
19640109,TMAX,-106
19640110,TMAX,-83
19640111,TMAX,-122
19640112,TMAX,-178
19640113,TMAX,-117
19640114,TMAX,-33
19640115,TMAX,0
19640116,TMAX,6
19640117,TMAX,72
19640118,TMAX,100
19640119,TMAX,78
19640120,TMAX,117
19640121,TMAX,100
19640122,TMAX,33
19640123,TMAX,-56
19640124,TMAX,-100
19640125,TMAX,-28
19640126,TMAX,-22
19640127,TMAX,-94
19640128,TMAX,44
19640129,TMAX,44
19640130,TMAX,94
19640131,TMAX,100
19650101,TMAX,-22
19650102,TMAX,-78
19650103,TMAX,6
19650104,TMAX,11
19650105,TMAX,-72
19650106,TMAX,0
19650107,TMAX,0
19650108,TMAX,-150
19650109,TMAX,-211
19650110,TMAX,-128
19650111,TMAX,-83
19650112,TMAX,-122
19650113,TMAX,-183
19650114,TMAX,-111
19650115,TMAX,-122
19650116,TMAX,-72
19650117,TMAX,0
19650118,TMAX,-56
19650119,TMAX,6
19650120,TMAX,-39
19650121,TMAX,6
19650122,TMAX,-22
19650123,TMAX,-83
19650124,TMAX,-28
19650125,TMAX,-50
19650126,TMAX,-94
19650127,TMAX,-56
19650128,TMAX,-200
19650129,TMAX,-183
19650130,TMAX,-156
19650131,TMAX,-94
19660101,TMAX,61
19660102,TMAX,-94
19660103,TMAX,33
19660104,TMAX,-44
19660105,TMAX,-117
19660106,TMAX,-94
19660107,TMAX,-206
19660108,TMAX,-6
19660109,TMAX,78
19660110,TMAX,-56
19660111,TMAX,-33
19660112,TMAX,-33
19660113,TMAX,28
19660114,TMAX,-22
19660115,TMAX,-50
19660116,TMAX,-100
19660117,TMAX,-117
19660118,TMAX,-72
19660119,TMAX,-44
19660120,TMAX,-117
19660121,TMAX,-178
19660122,TMAX,-156
19660123,TMAX,-189
19660124,TMAX,-161
19660125,TMAX,-167
19660126,TMAX,-122
19660127,TMAX,-183
19660128,TMAX,-222
19660129,TMAX,-222
19660130,TMAX,-150
19660131,TMAX,-94
19670101,TMAX,17
19670102,TMAX,17
19670103,TMAX,28
19670104,TMAX,28
19670105,TMAX,-39
19670106,TMAX,-44
19670107,TMAX,-111
19670108,TMAX,6
19670109,TMAX,11
19670110,TMAX,-56
19670111,TMAX,44
19670112,TMAX,28
19670113,TMAX,44
19670114,TMAX,-39
19670115,TMAX,-11
19670116,TMAX,50
19670117,TMAX,-189
19670118,TMAX,-72
19670119,TMAX,-33
19670120,TMAX,72
19670121,TMAX,61
19670122,TMAX,100
19670123,TMAX,6
19670124,TMAX,-83
19670125,TMAX,-83
19670126,TMAX,-61
19670127,TMAX,6
19670128,TMAX,39
19670129,TMAX,50
19670130,TMAX,50
19670131,TMAX,22
19680101,TMAX,-72
19680102,TMAX,-194
19680103,TMAX,-133
19680104,TMAX,-139
19680105,TMAX,-94
19680106,TMAX,-189
19680107,TMAX,-122
19680108,TMAX,-50
19680109,TMAX,-106
19680110,TMAX,-6
19680111,TMAX,-56
19680112,TMAX,-128
19680113,TMAX,-128
19680114,TMAX,-44
19680115,TMAX,-67
19680116,TMAX,39
19680117,TMAX,11
19680118,TMAX,33
19680119,TMAX,56
19680120,TMAX,72
19680121,TMAX,100
19680122,TMAX,22
19680123,TMAX,0
19680124,TMAX,100
19680125,TMAX,50
19680126,TMAX,22
19680127,TMAX,-39
19680128,TMAX,-6
19680129,TMAX,-94
19680130,TMAX,39
19680131,TMAX,28
19690101,TMAX,-139
19690102,TMAX,-106
19690103,TMAX,-194
19690104,TMAX,-111
19690105,TMAX,44
19690106,TMAX,0
19690107,TMAX,-39
19690108,TMAX,-6
19690109,TMAX,-139
19690110,TMAX,-117
19690111,TMAX,-106
19690112,TMAX,-39
19690113,TMAX,-44
19690114,TMAX,17
19690115,TMAX,22
19690116,TMAX,6
19690117,TMAX,-56
19690118,TMAX,-39
19690119,TMAX,6
19690120,TMAX,6
19690121,TMAX,-106
19690122,TMAX,-128
19690123,TMAX,-183
19690124,TMAX,-189
19690125,TMAX,-178
19690126,TMAX,-72
19690127,TMAX,-44
19690128,TMAX,-139
19690129,TMAX,-122
19690130,TMAX,-133
19690131,TMAX,-111
19700101,TMAX,-72
19700102,TMAX,-122
19700103,TMAX,-33
19700104,TMAX,-144
19700105,TMAX,-139
19700106,TMAX,-128
19700107,TMAX,-183
19700108,TMAX,-183
19700109,TMAX,-128
19700110,TMAX,-28
19700111,TMAX,-33
19700112,TMAX,-139
19700113,TMAX,-111
19700114,TMAX,-83
19700115,TMAX,-61
19700116,TMAX,-133
19700117,TMAX,-194
19700118,TMAX,-233
19700119,TMAX,-194
19700120,TMAX,-228
19700121,TMAX,-111
19700122,TMAX,-22
19700123,TMAX,-39
19700124,TMAX,39
19700125,TMAX,11
19700126,TMAX,22
19700127,TMAX,44
19700128,TMAX,28
19700129,TMAX,0
19700130,TMAX,39
19700131,TMAX,44
19710101,TMAX,22
19710102,TMAX,-28
19710103,TMAX,-83
19710104,TMAX,-161
19710105,TMAX,-178
19710106,TMAX,-161
19710107,TMAX,-106
19710108,TMAX,-50
19710109,TMAX,-44
19710110,TMAX,-122
19710111,TMAX,-122
19710112,TMAX,-144
19710113,TMAX,-100
19710114,TMAX,-161
19710115,TMAX,-167
19710116,TMAX,-94
19710117,TMAX,-94
19710118,TMAX,-122
19710119,TMAX,-89
19710120,TMAX,6
19710121,TMAX,17
19710122,TMAX,-22
19710123,TMAX,11
19710124,TMAX,-22
19710125,TMAX,-61
19710126,TMAX,-106
19710127,TMAX,-72
19710128,TMAX,-83
19710129,TMAX,50
19710130,TMAX,-139
19710131,TMAX,-133
19720101,TMAX,-11
19720102,TMAX,-17
19720103,TMAX,-117
19720104,TMAX,-183
19720105,TMAX,-6
19720106,TMAX,28
19720107,TMAX,11
19720108,TMAX,33
19720109,TMAX,28
19720110,TMAX,17
19720111,TMAX,11
19720112,TMAX,33
19720113,TMAX,-161
19720114,TMAX,-261
19720115,TMAX,-128
19720116,TMAX,50
19720117,TMAX,28
19720118,TMAX,11
19720119,TMAX,-89
19720120,TMAX,-100
19720121,TMAX,22
19720122,TMAX,0
19720123,TMAX,-83
19720124,TMAX,-67
19720125,TMAX,-233
19720126,TMAX,-233
19720127,TMAX,-200
19720128,TMAX,-167
19720129,TMAX,-100
19720130,TMAX,-11
19720131,TMAX,-28
19730101,TMAX,-50
19730102,TMAX,17
19730103,TMAX,6
19730104,TMAX,-167
19730105,TMAX,-144
19730106,TMAX,-139
19730107,TMAX,-156
19730108,TMAX,-189
19730109,TMAX,-144
19730110,TMAX,-106
19730111,TMAX,-72
19730112,TMAX,11
19730113,TMAX,67
19730114,TMAX,50
19730115,TMAX,50
19730116,TMAX,83
19730117,TMAX,61
19730118,TMAX,39
19730119,TMAX,-17
19730120,TMAX,-17
19730121,TMAX,-17
19730122,TMAX,0
19730123,TMAX,33
19730124,TMAX,67
19730125,TMAX,50
19730126,TMAX,0
19730127,TMAX,-22
19730128,TMAX,-39
19730129,TMAX,0
19730130,TMAX,6
19730131,TMAX,17
19740101,TMAX,-183
19740102,TMAX,-139
19740103,TMAX,-89
19740104,TMAX,-133
19740105,TMAX,-150
19740106,TMAX,-106
19740107,TMAX,-144
19740108,TMAX,-150
19740109,TMAX,-144
19740110,TMAX,-178
19740111,TMAX,-189
19740112,TMAX,-150
19740113,TMAX,-67
19740114,TMAX,28
19740115,TMAX,61
19740116,TMAX,89
19740117,TMAX,44
19740118,TMAX,28
19740119,TMAX,11
19740120,TMAX,-11
19740121,TMAX,-17
19740122,TMAX,6
19740123,TMAX,-6
19740124,TMAX,39
19740125,TMAX,44
19740126,TMAX,39
19740127,TMAX,22
19740128,TMAX,11
19740129,TMAX,94
19740130,TMAX,50
19740131,TMAX,-122
19750101,TMAX,56
19750102,TMAX,17
19750103,TMAX,-11
19750104,TMAX,0
19750105,TMAX,-11
19750106,TMAX,-44
19750107,TMAX,11
19750108,TMAX,-11
19750109,TMAX,6
19750110,TMAX,-22
19750111,TMAX,-183
19750112,TMAX,-144
19750113,TMAX,-106
19750114,TMAX,6
19750115,TMAX,-33
19750116,TMAX,-72
19750117,TMAX,22
19750118,TMAX,17
19750119,TMAX,-17
19750120,TMAX,39
19750121,TMAX,11
19750122,TMAX,39
19750123,TMAX,50
19750124,TMAX,78
19750125,TMAX,17
19750126,TMAX,-22
19750127,TMAX,-67
19750128,TMAX,-67
19750129,TMAX,-72
19750130,TMAX,-106
19750131,TMAX,-100
19760101,TMAX,-11
19760102,TMAX,-28
19760103,TMAX,-167
19760104,TMAX,-144
19760105,TMAX,-11
19760106,TMAX,-28
19760107,TMAX,-222
19760108,TMAX,-183
19760109,TMAX,-78
19760110,TMAX,-44
19760111,TMAX,-39
19760112,TMAX,17
19760113,TMAX,-94
19760114,TMAX,-50
19760115,TMAX,6
19760116,TMAX,-56
19760117,TMAX,-50
19760118,TMAX,17
19760119,TMAX,-6
19760120,TMAX,28
19760121,TMAX,28
19760122,TMAX,-17
19760123,TMAX,17
19760124,TMAX,22
19760125,TMAX,-61
19760126,TMAX,-122
19760127,TMAX,-22
19760128,TMAX,39
19760129,TMAX,72
19760130,TMAX,17
19760131,TMAX,67
19770101,TMAX,-150
19770102,TMAX,-56
19770103,TMAX,-144
19770104,TMAX,-111
19770105,TMAX,-94
19770106,TMAX,-111
19770107,TMAX,-50
19770108,TMAX,-178
19770109,TMAX,-128
19770110,TMAX,-206
19770111,TMAX,-150
19770112,TMAX,-106
19770113,TMAX,-67
19770114,TMAX,-56
19770115,TMAX,-183
19770116,TMAX,-167
19770117,TMAX,-183
19770118,TMAX,-100
19770119,TMAX,11
19770120,TMAX,-33
19770121,TMAX,-39
19770122,TMAX,22
19770123,TMAX,39
19770124,TMAX,6
19770125,TMAX,6
19770126,TMAX,6
19770127,TMAX,-44
19770128,TMAX,-178
19770129,TMAX,-106
19770130,TMAX,-111
19770131,TMAX,-44
19780101,TMAX,-111
19780102,TMAX,-94
19780103,TMAX,-94
19780104,TMAX,-106
19780105,TMAX,-67
19780106,TMAX,-67
19780107,TMAX,-78
19780108,TMAX,-200
19780109,TMAX,-206
19780110,TMAX,-183
19780111,TMAX,-106
19780112,TMAX,-61
19780113,TMAX,-83
19780114,TMAX,-133
19780115,TMAX,-117
19780116,TMAX,-217
19780117,TMAX,-122
19780118,TMAX,-106
19780119,TMAX,-183
19780120,TMAX,-167
19780121,TMAX,-122
19780122,TMAX,-61
19780123,TMAX,-17
19780124,TMAX,-17
19780125,TMAX,-17
19780126,TMAX,-194
19780127,TMAX,-183
19780128,TMAX,-167
19780129,TMAX,-150
19780130,TMAX,-139
19780131,TMAX,-150
19790101,TMAX,-178
19790102,TMAX,-172
19790103,TMAX,-117
19790104,TMAX,-189
19790105,TMAX,-144
19790106,TMAX,-94
19790107,TMAX,-156
19790108,TMAX,-44
19790109,TMAX,-94
19790110,TMAX,-150
19790111,TMAX,-94
19790112,TMAX,-144
19790113,TMAX,-206
19790114,TMAX,-189
19790115,TMAX,-133
19790116,TMAX,-128
19790117,TMAX,-22
19790118,TMAX,-17
19790119,TMAX,-39
19790120,TMAX,-33
19790121,TMAX,-44
19790122,TMAX,-67
19790123,TMAX,-150
19790124,TMAX,-139
19790125,TMAX,-78
19790126,TMAX,-89
19790127,TMAX,-128
19790128,TMAX,-161
19790129,TMAX,-178
19790130,TMAX,-167
19790131,TMAX,-194
19800101,TMAX,-11
19800102,TMAX,-44
19800103,TMAX,-50
19800104,TMAX,-6
19800105,TMAX,-22
19800106,TMAX,0
19800107,TMAX,-117
19800108,TMAX,-183
19800109,TMAX,-106
19800110,TMAX,22
19800111,TMAX,-122
19800112,TMAX,56
19800113,TMAX,133
19800114,TMAX,56
19800115,TMAX,44
19800116,TMAX,22
19800117,TMAX,22
19800118,TMAX,-17
19800119,TMAX,6
19800120,TMAX,44
19800121,TMAX,61
19800122,TMAX,-11
19800123,TMAX,72
19800124,TMAX,83
19800125,TMAX,50
19800126,TMAX,-111
19800127,TMAX,-111
19800128,TMAX,-106
19800129,TMAX,-117
19800130,TMAX,-89
19800131,TMAX,-78
19810101,TMAX,39
19810102,TMAX,44
19810103,TMAX,-100
19810104,TMAX,-78
19810105,TMAX,56
19810106,TMAX,17
19810107,TMAX,-89
19810108,TMAX,-44
19810109,TMAX,-61
19810110,TMAX,-72
19810111,TMAX,-22
19810112,TMAX,83
19810113,TMAX,56
19810114,TMAX,0
19810115,TMAX,-33
19810116,TMAX,-50
19810117,TMAX,61
19810118,TMAX,50
19810119,TMAX,78
19810120,TMAX,6
19810121,TMAX,117
19810122,TMAX,94
19810123,TMAX,139
19810124,TMAX,167
19810125,TMAX,83
19810126,TMAX,22
19810127,TMAX,-6
19810128,TMAX,-61
19810129,TMAX,-39
19810130,TMAX,11
19810131,TMAX,-22
19820101,TMAX,-61
19820102,TMAX,-56
19820103,TMAX,-128
19820104,TMAX,-78
19820105,TMAX,-78
19820106,TMAX,-189
19820107,TMAX,-78
19820108,TMAX,-67
19820109,TMAX,-167
19820110,TMAX,-222
19820111,TMAX,-172
19820112,TMAX,-167
19820113,TMAX,-139
19820114,TMAX,-106
19820115,TMAX,-33
19820116,TMAX,-194
19820117,TMAX,-11
19820118,TMAX,-33
19820119,TMAX,-56
19820120,TMAX,-133
19820121,TMAX,-111
19820122,TMAX,-78
19820123,TMAX,-161
19820124,TMAX,-133
19820125,TMAX,-150
19820126,TMAX,17
19820127,TMAX,50
19820128,TMAX,-56
19820129,TMAX,-44
19820130,TMAX,-117
19820131,TMAX,-106
19830101,TMAX,-6
19830102,TMAX,-6
19830103,TMAX,-11
19830104,TMAX,56
19830105,TMAX,22
19830106,TMAX,78
19830107,TMAX,-28
19830108,TMAX,17
19830109,TMAX,61
19830110,TMAX,33
19830111,TMAX,22
19830112,TMAX,139
19830113,TMAX,67
19830114,TMAX,50
19830115,TMAX,-39
19830116,TMAX,17
19830117,TMAX,-50
19830118,TMAX,-39
19830119,TMAX,-28
19830120,TMAX,-22
19830121,TMAX,28
19830122,TMAX,11
19830123,TMAX,28
19830124,TMAX,6
19830125,TMAX,-28
19830126,TMAX,-94
19830127,TMAX,-6
19830128,TMAX,44
19830129,TMAX,28
19830130,TMAX,-28
19830131,TMAX,-11
19840101,TMAX,6
19840102,TMAX,-6
19840103,TMAX,50
19840104,TMAX,44
19840105,TMAX,61
19840106,TMAX,50
19840107,TMAX,44
19840108,TMAX,6
19840109,TMAX,-11
19840110,TMAX,-94
19840111,TMAX,-56
19840112,TMAX,-72
19840113,TMAX,-144
19840114,TMAX,-111
19840115,TMAX,-100
19840116,TMAX,-72
19840117,TMAX,-128
19840118,TMAX,-122
19840119,TMAX,-128
19840120,TMAX,-183
19840121,TMAX,-61
19840122,TMAX,-72
19840123,TMAX,-39
19840124,TMAX,61
19840125,TMAX,22
19840126,TMAX,0
19840127,TMAX,50
19840128,TMAX,56
19840129,TMAX,44
19840130,TMAX,17
19840131,TMAX,56
19850101,TMAX,-150
19850102,TMAX,-56
19850103,TMAX,22
19850104,TMAX,28
19850105,TMAX,56
19850106,TMAX,39
19850107,TMAX,17
19850108,TMAX,-144
19850109,TMAX,-72
19850110,TMAX,-106
19850111,TMAX,-133
19850112,TMAX,-39
19850113,TMAX,39
19850114,TMAX,-33
19850115,TMAX,-28
19850116,TMAX,-11
19850117,TMAX,44
19850118,TMAX,-50
19850119,TMAX,-178
19850120,TMAX,-117
19850121,TMAX,-50
19850122,TMAX,-50
19850123,TMAX,0
19850124,TMAX,28
19850125,TMAX,-117
19850126,TMAX,22
19850127,TMAX,-28
19850128,TMAX,-56
19850129,TMAX,-44
19850130,TMAX,-128
19850131,TMAX,-144
19860101,TMAX,-33
19860102,TMAX,6
19860103,TMAX,-11
19860104,TMAX,-78
19860105,TMAX,-83
19860106,TMAX,-189
19860107,TMAX,-106
19860108,TMAX,6
19860109,TMAX,39
19860110,TMAX,17
19860111,TMAX,61
19860112,TMAX,28
19860113,TMAX,11
19860114,TMAX,-28
19860115,TMAX,28
19860116,TMAX,44
19860117,TMAX,22
19860118,TMAX,22
19860119,TMAX,22
19860120,TMAX,39
19860121,TMAX,0
19860122,TMAX,-50
19860123,TMAX,22
19860124,TMAX,22
19860125,TMAX,6
19860126,TMAX,-94
19860127,TMAX,-78
19860128,TMAX,39
19860129,TMAX,-83
19860130,TMAX,-39
19860131,TMAX,-33
19870101,TMAX,6
19870102,TMAX,39
19870103,TMAX,56
19870104,TMAX,122
19870105,TMAX,28
19870106,TMAX,6
19870107,TMAX,-28
19870108,TMAX,44
19870109,TMAX,-44
19870110,TMAX,-56
19870111,TMAX,122
19870112,TMAX,167
19870113,TMAX,117
19870114,TMAX,67
19870115,TMAX,-67
19870116,TMAX,-83
19870117,TMAX,-28
19870118,TMAX,28
19870119,TMAX,17
19870120,TMAX,-6
19870121,TMAX,22
19870122,TMAX,-56
19870123,TMAX,-61
19870124,TMAX,0
19870125,TMAX,-11
19870126,TMAX,89
19870127,TMAX,56
19870128,TMAX,72
19870129,TMAX,78
19870130,TMAX,72
19870131,TMAX,128
19880101,TMAX,-150
19880102,TMAX,-72
19880103,TMAX,-67
19880104,TMAX,-189
19880105,TMAX,-217
19880106,TMAX,-217
19880107,TMAX,-139
19880108,TMAX,-172
19880109,TMAX,-200
19880110,TMAX,-67
19880111,TMAX,-17
19880112,TMAX,-33
19880113,TMAX,-139
19880114,TMAX,-56
19880115,TMAX,33
19880116,TMAX,39
19880117,TMAX,6
19880118,TMAX,-17
19880119,TMAX,-28
19880120,TMAX,-72
19880121,TMAX,-6
19880122,TMAX,-11
19880123,TMAX,22
19880124,TMAX,6
19880125,TMAX,-167
19880126,TMAX,-83
19880127,TMAX,-17
19880128,TMAX,-6
19880129,TMAX,33
19880130,TMAX,-11
19880131,TMAX,-50
19890101,TMAX,-72
19890102,TMAX,-28
19890103,TMAX,-22
19890104,TMAX,33
19890105,TMAX,-17
19890106,TMAX,0
19890107,TMAX,0
19890108,TMAX,-172
19890109,TMAX,-83
19890110,TMAX,-94
19890111,TMAX,-17
19890112,TMAX,-28
19890113,TMAX,44
19890114,TMAX,33
19890115,TMAX,-6
19890116,TMAX,50
19890117,TMAX,78
19890118,TMAX,61
19890119,TMAX,61
19890120,TMAX,17
19890121,TMAX,111
19890122,TMAX,94
19890123,TMAX,44
19890124,TMAX,-28
19890125,TMAX,6
19890126,TMAX,56
19890127,TMAX,167
19890128,TMAX,33
19890129,TMAX,89
19890130,TMAX,150
19890131,TMAX,72
19900101,TMAX,17
19900102,TMAX,33
19900103,TMAX,11
19900104,TMAX,6
19900105,TMAX,-11
19900106,TMAX,89
19900107,TMAX,100
19900108,TMAX,67
19900109,TMAX,39
19900110,TMAX,139
19900111,TMAX,22
19900112,TMAX,-22
19900113,TMAX,67
19900114,TMAX,100
19900115,TMAX,61
19900116,TMAX,6
19900117,TMAX,0
19900118,TMAX,6
19900119,TMAX,56
19900120,TMAX,-28
19900121,TMAX,83
19900122,TMAX,56
19900123,TMAX,94
19900124,TMAX,6
19900125,TMAX,28
19900126,TMAX,100
19900127,TMAX,28
19900128,TMAX,72
19900129,TMAX,89
19900130,TMAX,-72
19900131,TMAX,-6
19910101,TMAX,-39
19910102,TMAX,-156
19910103,TMAX,-150
19910104,TMAX,-122
19910105,TMAX,-106
19910106,TMAX,-161
19910107,TMAX,-100
19910108,TMAX,-106
19910109,TMAX,-122
19910110,TMAX,-83
19910111,TMAX,-83
19910112,TMAX,-78
19910113,TMAX,67
19910114,TMAX,11
19910115,TMAX,-22
19910116,TMAX,-6
19910117,TMAX,6
19910118,TMAX,94
19910119,TMAX,17
19910120,TMAX,-56
19910121,TMAX,-67
19910122,TMAX,50
19910123,TMAX,-22
19910124,TMAX,-94
19910125,TMAX,-50
19910126,TMAX,-6
19910127,TMAX,33
19910128,TMAX,-11
19910129,TMAX,-89
19910130,TMAX,-11
19910131,TMAX,61
19920101,TMAX,28
19920102,TMAX,72
19920103,TMAX,89
19920104,TMAX,44
19920105,TMAX,56
19920106,TMAX,28
19920107,TMAX,28
19920108,TMAX,11
19920109,TMAX,-33
19920110,TMAX,44
19920111,TMAX,61
19920112,TMAX,0
19920113,TMAX,-33
19920114,TMAX,6
19920115,TMAX,-139
19920116,TMAX,50
19920117,TMAX,-44
19920118,TMAX,-111
19920119,TMAX,50
19920120,TMAX,94
19920121,TMAX,89
19920122,TMAX,44
19920123,TMAX,6
19920124,TMAX,-28
19920125,TMAX,-44
19920126,TMAX,56
19920127,TMAX,-28
19920128,TMAX,83
19920129,TMAX,106
19920130,TMAX,83
19920131,TMAX,106
19930101,TMAX,-78
19930102,TMAX,-11
19930103,TMAX,-67
19930104,TMAX,-83
19930105,TMAX,-100
19930106,TMAX,-100
19930107,TMAX,-67
19930108,TMAX,-100
19930109,TMAX,-139
19930110,TMAX,-100
19930111,TMAX,-67
19930112,TMAX,-56
19930113,TMAX,-72
19930114,TMAX,-122
19930115,TMAX,-94
19930116,TMAX,-11
19930117,TMAX,-100
19930118,TMAX,-28
19930119,TMAX,-28
19930120,TMAX,-50
19930121,TMAX,33
19930122,TMAX,28
19930123,TMAX,-6
19930124,TMAX,-56
19930125,TMAX,-6
19930126,TMAX,50
19930127,TMAX,44
19930128,TMAX,17
19930129,TMAX,6
19930130,TMAX,83
19930131,TMAX,89
19940101,TMAX,-56
19940102,TMAX,-56
19940103,TMAX,-61
19940104,TMAX,-83
19940105,TMAX,-94
19940106,TMAX,-117
19940107,TMAX,-217
19940108,TMAX,-128
19940109,TMAX,-67
19940110,TMAX,-67
19940111,TMAX,-78
19940112,TMAX,-78
19940113,TMAX,-111
19940114,TMAX,-183
19940115,TMAX,-156
19940116,TMAX,-106
19940117,TMAX,-189
19940118,TMAX,-217
19940119,TMAX,-150
19940120,TMAX,-139
19940121,TMAX,-28
19940122,TMAX,-33
19940123,TMAX,33
19940124,TMAX,-50
19940125,TMAX,-72
19940126,TMAX,-72
19940127,TMAX,-67
19940128,TMAX,-39
19940129,TMAX,-133
19940130,TMAX,-200
19940131,TMAX,-150
19950101,TMAX,-56
19950102,TMAX,-61
19950103,TMAX,-139
19950104,TMAX,-122
19950105,TMAX,-11
19950106,TMAX,-72
19950107,TMAX,-39
19950108,TMAX,-72
19950109,TMAX,-56
19950110,TMAX,-22
19950111,TMAX,28
19950112,TMAX,0
19950113,TMAX,-39
19950114,TMAX,-33
19950115,TMAX,-11
19950116,TMAX,22
19950117,TMAX,-28
19950118,TMAX,-33
19950119,TMAX,-72
19950120,TMAX,-100
19950121,TMAX,-89
19950122,TMAX,-72
19950123,TMAX,-61
19950124,TMAX,-72
19950125,TMAX,-72
19950126,TMAX,6
19950127,TMAX,-6
19950128,TMAX,-11
19950129,TMAX,-111
19950130,TMAX,28
19950131,TMAX,39
19960101,TMAX,-17
19960102,TMAX,-50
19960103,TMAX,-72
19960104,TMAX,-100
19960105,TMAX,-189
19960106,TMAX,-161
19960107,TMAX,-72
19960108,TMAX,39
19960109,TMAX,44
19960110,TMAX,39
19960111,TMAX,78
19960112,TMAX,122
19960113,TMAX,106
19960114,TMAX,6
19960115,TMAX,-39
19960116,TMAX,100
19960117,TMAX,-50
19960118,TMAX,-206
19960119,TMAX,-194
19960120,TMAX,-111
19960121,TMAX,22
19960122,TMAX,-133
19960123,TMAX,-106
19960124,TMAX,-122
19960125,TMAX,-122
19960126,TMAX,-183
19960127,TMAX,-139
19960128,TMAX,-83
19960129,TMAX,-217
19960130,TMAX,-228
19960131,TMAX,-156
19970101,TMAX,11
19970102,TMAX,33
19970103,TMAX,22
19970104,TMAX,17
19970105,TMAX,-94
19970106,TMAX,-144
19970107,TMAX,-50
19970108,TMAX,-39
19970109,TMAX,-28
19970110,TMAX,-239
19970111,TMAX,-228
19970112,TMAX,-178
19970113,TMAX,-156
19970114,TMAX,-94
19970115,TMAX,-33
19970116,TMAX,-178
19970117,TMAX,-189
19970118,TMAX,11
19970119,TMAX,44
19970120,TMAX,6
19970121,TMAX,50
19970122,TMAX,-28
19970123,TMAX,-106
19970124,TMAX,-150
19970125,TMAX,-222
19970126,TMAX,-172
19970127,TMAX,-172
19970128,TMAX,-144
19970129,TMAX,-150
19970130,TMAX,61
19970131,TMAX,61
19980101,TMAX,150
19980102,TMAX,139
19980103,TMAX,-89
19980104,TMAX,-50
19980105,TMAX,0
19980106,TMAX,-28
19980107,TMAX,-33
19980108,TMAX,-11
19980109,TMAX,-106
19980110,TMAX,-128
19980111,TMAX,-144
19980112,TMAX,-183
19980113,TMAX,-117
19980114,TMAX,-83
19980115,TMAX,-22
19980116,TMAX,-11
19980117,TMAX,-89
19980118,TMAX,-56
19980119,TMAX,-39
19980120,TMAX,-50
19980121,TMAX,-61
19980122,TMAX,-50
19980123,TMAX,-39
19980124,TMAX,-39
19980125,TMAX,39
19980126,TMAX,-11
19980127,TMAX,22
19980128,TMAX,33
19980129,TMAX,-6
19980130,TMAX,44
19980131,TMAX,17
19990101,TMAX,-106
19990102,TMAX,-122
19990103,TMAX,-178
19990104,TMAX,-183
19990105,TMAX,-44
19990106,TMAX,-39
19990107,TMAX,-111
19990108,TMAX,-111
19990109,TMAX,-67
19990110,TMAX,-117
19990111,TMAX,-44
19990112,TMAX,-117
19990113,TMAX,-67
19990114,TMAX,-117
19990115,TMAX,44
19990116,TMAX,50
19990117,TMAX,33
19990118,TMAX,-44
19990119,TMAX,22
19990120,TMAX,-22
19990121,TMAX,6
19990122,TMAX,-33
19990123,TMAX,-33
19990124,TMAX,-61
19990125,TMAX,-17
19990126,TMAX,-6
19990127,TMAX,-17
19990128,TMAX,-6
19990129,TMAX,67
19990130,TMAX,33
19990131,TMAX,44
20000101,TMAX,28
20000102,TMAX,-11
20000103,TMAX,-17
20000104,TMAX,-83
20000105,TMAX,61
20000106,TMAX,0
20000107,TMAX,67
20000108,TMAX,100
20000109,TMAX,39
20000110,TMAX,67
20000111,TMAX,-50
20000112,TMAX,-39
20000113,TMAX,-22
20000114,TMAX,56
20000115,TMAX,-6
20000116,TMAX,-89
20000117,TMAX,22
20000118,TMAX,44
20000119,TMAX,17
20000120,TMAX,-28
20000121,TMAX,-78
20000122,TMAX,0
20000123,TMAX,-67
20000124,TMAX,-11
20000125,TMAX,-33
20000126,TMAX,-50
20000127,TMAX,0
20000128,TMAX,0
20000129,TMAX,-39
20000130,TMAX,-11
20000131,TMAX,6
20010101,TMAX,-167
20010102,TMAX,11
20010103,TMAX,-22
20010104,TMAX,61
20010105,TMAX,11
20010106,TMAX,50
20010107,TMAX,17
20010108,TMAX,-44
20010109,TMAX,33
20010110,TMAX,33
20010111,TMAX,-39
20010112,TMAX,-33
20010113,TMAX,0
20010114,TMAX,-6
20010115,TMAX,-61
20010116,TMAX,-67
20010117,TMAX,-22
20010118,TMAX,-6
20010119,TMAX,-172
20010120,TMAX,-94
20010121,TMAX,-61
20010122,TMAX,17
20010123,TMAX,-22
20010124,TMAX,-117
20010125,TMAX,-11
20010126,TMAX,-6
20010127,TMAX,-28
20010128,TMAX,-44
20010129,TMAX,-11
20010130,TMAX,-11
20010131,TMAX,-28
20020101,TMAX,-111
20020102,TMAX,-100
20020103,TMAX,-28
20020104,TMAX,33
20020105,TMAX,89
20020106,TMAX,0
20020107,TMAX,61
20020108,TMAX,139
20020109,TMAX,78
20020110,TMAX,33
20020111,TMAX,72
20020112,TMAX,67
20020113,TMAX,22
20020114,TMAX,6
20020115,TMAX,-44
20020116,TMAX,-22
20020117,TMAX,-39
20020118,TMAX,-44
20020119,TMAX,6
20020120,TMAX,17
20020121,TMAX,72
20020122,TMAX,67
20020123,TMAX,-44
20020124,TMAX,56
20020125,TMAX,133
20020126,TMAX,61
20020127,TMAX,-56
20020128,TMAX,-111
20020129,TMAX,-133
20020130,TMAX,-56
20020131,TMAX,-33
20030101,TMAX,6
20030102,TMAX,-6
20030103,TMAX,83
20030104,TMAX,67
20030105,TMAX,17
20030106,TMAX,11
20030107,TMAX,156
20030108,TMAX,150
20030109,TMAX,39
20030110,TMAX,-67
20030111,TMAX,-106
20030112,TMAX,28
20030113,TMAX,-72
20030114,TMAX,-72
20030115,TMAX,-100
20030116,TMAX,-28
20030117,TMAX,-39
20030118,TMAX,-44
20030119,TMAX,28
20030120,TMAX,-61
20030121,TMAX,-122
20030122,TMAX,-144
20030123,TMAX,-156
20030124,TMAX,-22
20030125,TMAX,-117
20030126,TMAX,-122
20030127,TMAX,78
20030128,TMAX,33
20030129,TMAX,-72
20030130,TMAX,33
20030131,TMAX,39
20040101,TMAX,56
20040102,TMAX,111
20040103,TMAX,-100
20040104,TMAX,-139
20040105,TMAX,-161
20040106,TMAX,-72
20040107,TMAX,-50
20040108,TMAX,-28
20040109,TMAX,-28
20040110,TMAX,0
20040111,TMAX,67
20040112,TMAX,56
20040113,TMAX,28
20040114,TMAX,50
20040115,TMAX,94
20040116,TMAX,56
20040117,TMAX,39
20040118,TMAX,-133
20040119,TMAX,-89
20040120,TMAX,-50
20040121,TMAX,11
20040122,TMAX,-56
20040123,TMAX,78
20040124,TMAX,-72
20040125,TMAX,-72
20040126,TMAX,-100
20040127,TMAX,-172
20040128,TMAX,-200
20040129,TMAX,-206
20040130,TMAX,-178
20040131,TMAX,-106
20050101,TMAX,-72
20050102,TMAX,-89
20050103,TMAX,-83
20050104,TMAX,-100
20050105,TMAX,-156
20050106,TMAX,-111
20050107,TMAX,-89
20050108,TMAX,-72
20050109,TMAX,-44
20050110,TMAX,-78
20050111,TMAX,-50
20050112,TMAX,-33
20050113,TMAX,-150
20050114,TMAX,-178
20050115,TMAX,-144
20050116,TMAX,-144
20050117,TMAX,-83
20050118,TMAX,83
20050119,TMAX,44
20050120,TMAX,0
20050121,TMAX,22
20050122,TMAX,-106
20050123,TMAX,56
20050124,TMAX,106
20050125,TMAX,133
20050126,TMAX,28
20050127,TMAX,0
20050128,TMAX,28
20050129,TMAX,11
20050130,TMAX,0
20050131,TMAX,33
20060101,TMAX,-6
20060102,TMAX,-11
20060103,TMAX,6
20060104,TMAX,22
20060105,TMAX,0
20060106,TMAX,44
20060107,TMAX,28
20060108,TMAX,6
20060109,TMAX,11
20060110,TMAX,44
20060111,TMAX,67
20060112,TMAX,28
20060113,TMAX,28
20060114,TMAX,50
20060115,TMAX,50
20060116,TMAX,6
20060117,TMAX,-28
20060118,TMAX,33
20060119,TMAX,11
20060120,TMAX,22
20060121,TMAX,56
20060122,TMAX,-22
20060123,TMAX,72
20060124,TMAX,44
20060125,TMAX,78
20060126,TMAX,144
20060127,TMAX,94
20060128,TMAX,61
20060129,TMAX,17
20060130,TMAX,17
20060131,TMAX,39
20070101,TMAX,-50
20070102,TMAX,-11
20070103,TMAX,28
20070104,TMAX,28
20070105,TMAX,11
20070106,TMAX,0
20070107,TMAX,6
20070108,TMAX,33
20070109,TMAX,-17
20070110,TMAX,28
20070111,TMAX,-11
20070112,TMAX,-194
20070113,TMAX,-122
20070114,TMAX,-106
20070115,TMAX,-178
20070116,TMAX,-94
20070117,TMAX,-22
20070118,TMAX,-33
20070119,TMAX,-28
20070120,TMAX,11
20070121,TMAX,-22
20070122,TMAX,0
20070123,TMAX,-11
20070124,TMAX,0
20070125,TMAX,-33
20070126,TMAX,17
20070127,TMAX,-61
20070128,TMAX,-67
20070129,TMAX,-44
20070130,TMAX,-106
20070131,TMAX,-67
20080101,TMAX,-122
20080102,TMAX,-56
20080103,TMAX,-6
20080104,TMAX,6
20080105,TMAX,50
20080106,TMAX,61
20080107,TMAX,50
20080108,TMAX,17
20080109,TMAX,22
20080110,TMAX,-50
20080111,TMAX,22
20080112,TMAX,-39
20080113,TMAX,-11
20080114,TMAX,-122
20080115,TMAX,-17
20080116,TMAX,-17
20080117,TMAX,-28
20080118,TMAX,-56
20080119,TMAX,-117
20080120,TMAX,-117
20080121,TMAX,-117
20080122,TMAX,-72
20080123,TMAX,-100
20080124,TMAX,-111
20080125,TMAX,-33
20080126,TMAX,50
20080127,TMAX,83
20080128,TMAX,117
20080129,TMAX,-128
20080130,TMAX,-156
20080131,TMAX,-100
20090101,TMAX,17
20090102,TMAX,-72
20090103,TMAX,-56
20090104,TMAX,-106
20090105,TMAX,-22
20090106,TMAX,-22
20090107,TMAX,-100
20090108,TMAX,-56
20090109,TMAX,-50
20090110,TMAX,-39
20090111,TMAX,-33
20090112,TMAX,11
20090113,TMAX,-144
20090114,TMAX,-167
20090115,TMAX,-211
20090116,TMAX,-61
20090117,TMAX,17
20090118,TMAX,22
20090119,TMAX,0
20090120,TMAX,6
20090121,TMAX,22
20090122,TMAX,6
20090123,TMAX,-72
20090124,TMAX,-161
20090125,TMAX,-139
20090126,TMAX,-128
20090127,TMAX,-89
20090128,TMAX,6
20090129,TMAX,-22
20090130,TMAX,22
20090131,TMAX,78
20100101,TMAX,-178
20100102,TMAX,-172
20100103,TMAX,-150
20100104,TMAX,-139
20100105,TMAX,-133
20100106,TMAX,-117
20100107,TMAX,-156
20100108,TMAX,-239
20100109,TMAX,-156
20100110,TMAX,17
20100111,TMAX,-61
20100112,TMAX,-6
20100113,TMAX,0
20100114,TMAX,-11
20100115,TMAX,-28
20100116,TMAX,28
20100117,TMAX,6
20100118,TMAX,-44
20100119,TMAX,-28
20100120,TMAX,-22
20100121,TMAX,-6
20100122,TMAX,17
20100123,TMAX,17
20100124,TMAX,-22
20100125,TMAX,-67
20100126,TMAX,-106
20100127,TMAX,-89
20100128,TMAX,-144
20100129,TMAX,-100
20100130,TMAX,-94
20100131,TMAX,-122
20110101,TMAX,-139
20110102,TMAX,-33
20110103,TMAX,-39
20110104,TMAX,-78
20110105,TMAX,-11
20110106,TMAX,-6
20110107,TMAX,6
20110108,TMAX,-106
20110109,TMAX,-89
20110110,TMAX,-106
20110111,TMAX,-156
20110112,TMAX,-167
20110113,TMAX,-78
20110114,TMAX,-61
20110115,TMAX,-117
20110116,TMAX,-50
20110117,TMAX,-44
20110118,TMAX,-150
20110119,TMAX,-172
20110120,TMAX,-111
20110121,TMAX,-67
20110122,TMAX,-89
20110123,TMAX,-106
20110124,TMAX,11
20110125,TMAX,-44
20110126,TMAX,-28
20110127,TMAX,-11
20110128,TMAX,44
20110129,TMAX,-6
20110130,TMAX,-128
20110131,TMAX,-128
20120101,TMAX,6
20120102,TMAX,-33
20120103,TMAX,83
20120104,TMAX,139
20120105,TMAX,183
20120106,TMAX,94
20120107,TMAX,61
20120108,TMAX,72
20120109,TMAX,139
20120110,TMAX,144
20120111,TMAX,44
20120112,TMAX,-117
20120113,TMAX,-61
20120114,TMAX,22
20120115,TMAX,50
20120116,TMAX,-6
20120117,TMAX,-117
20120118,TMAX,-44
20120119,TMAX,-161
20120120,TMAX,-117
20120121,TMAX,-50
20120122,TMAX,-22
20120123,TMAX,-44
20120124,TMAX,-33
20120125,TMAX,11
20120126,TMAX,50
20120127,TMAX,28
20120128,TMAX,28
20120129,TMAX,-6
20120130,TMAX,122
20120131,TMAX,100
20130101,TMAX,-56
20130102,TMAX,6
20130103,TMAX,-39
20130104,TMAX,-17
20130105,TMAX,-33
20130106,TMAX,-17
20130107,TMAX,33
20130108,TMAX,28
20130109,TMAX,22
20130110,TMAX,39
20130111,TMAX,17
20130112,TMAX,-117
20130113,TMAX,-94
20130114,TMAX,-100
20130115,TMAX,6
20130116,TMAX,50
20130117,TMAX,0
20130118,TMAX,94
20130119,TMAX,44
20130120,TMAX,-106
20130121,TMAX,-139
20130122,TMAX,-94
20130123,TMAX,-106
20130124,TMAX,-100
20130125,TMAX,-50
20130126,TMAX,-17
20130127,TMAX,28
20130128,TMAX,-11
20130129,TMAX,-17
20130130,TMAX,-61
20130131,TMAX,-200
20140101,TMAX,-160
20140102,TMAX,-160
20140103,TMAX,44
20140104,TMAX,39
20140105,TMAX,-188
20140106,TMAX,-205
20140107,TMAX,-127
20140108,TMAX,-88
20140109,TMAX,-5
20140110,TMAX,28
20140111,TMAX,17
20140112,TMAX,50
20140113,TMAX,44
20140114,TMAX,22
20140115,TMAX,50
20140116,TMAX,33
20140117,TMAX,0
20140118,TMAX,33
20140119,TMAX,83
20140120,TMAX,22
20140121,TMAX,-38
20140122,TMAX,-77
20140123,TMAX,-82
20140124,TMAX,67
20140125,TMAX,67
20140126,TMAX,50
20140127,TMAX,-160
20140128,TMAX,-116
20140129,TMAX,67
20140130,TMAX,-27
20140131,TMAX,-49
20150101,TMAX,-5
20150102,TMAX,-16
20150103,TMAX,-38
20150104,TMAX,-160
20150105,TMAX,-138
20150106,TMAX,-121
20150107,TMAX,-166
20150108,TMAX,-55
20150109,TMAX,-138
20150110,TMAX,-99
20150111,TMAX,-99
20150112,TMAX,-166
20150113,TMAX,-66
20150114,TMAX,-21
20150115,TMAX,17
20150116,TMAX,-5
20150117,TMAX,44
20150118,TMAX,61
20150119,TMAX,94
20150120,TMAX,28
20150121,TMAX,-10
20150122,TMAX,33
20150123,TMAX,67
20150124,TMAX,78
20150125,TMAX,11
20150126,TMAX,106
20150127,TMAX,78
20150128,TMAX,78
20150129,TMAX,6
20150130,TMAX,72
20150131,TMAX,-27
20160101,TMAX,-10
20160102,TMAX,-5
20160103,TMAX,-71
20160104,TMAX,-60
20160105,TMAX,6
20160106,TMAX,-32
20160107,TMAX,-10
20160108,TMAX,-27
20160109,TMAX,-138
20160110,TMAX,-143
20160111,TMAX,-16
20160112,TMAX,-99
20160113,TMAX,22
20160114,TMAX,22
20160115,TMAX,-93
20160116,TMAX,-121
20160117,TMAX,-177
20160118,TMAX,-138
20160119,TMAX,-55
20160120,TMAX,-16
20160121,TMAX,-32
20160122,TMAX,-82
20160123,TMAX,0
20160124,TMAX,0
20160125,TMAX,-21
20160126,TMAX,-27
20160127,TMAX,44
20160128,TMAX,28
20160129,TMAX,67
20160130,TMAX,28
20160131,TMAX,44
20170101,TMAX,-21
20170102,TMAX,-5
20170103,TMAX,-127
20170104,TMAX,-155
20170105,TMAX,-171
20170106,TMAX,-105
20170107,TMAX,-143
20170108,TMAX,-32
20170109,TMAX,-55
20170110,TMAX,-55
20170111,TMAX,-132
20170112,TMAX,-127
20170113,TMAX,-93
20170114,TMAX,-66
20170115,TMAX,-10
20170116,TMAX,-66
20170117,TMAX,-10
20170118,TMAX,39
20170119,TMAX,28
20170120,TMAX,67
20170121,TMAX,28
20170122,TMAX,-5
20170123,TMAX,-5
20170124,TMAX,-5
20170125,TMAX,-38
20170126,TMAX,-60
20170127,TMAX,-10
20170128,TMAX,17
20170129,TMAX,28
20170130,TMAX,61
20170131,TMAX,11
20180101,TMAX,-216
20180102,TMAX,-43
20180103,TMAX,-121
20180104,TMAX,-99
20180105,TMAX,-116
20180106,TMAX,-60
20180107,TMAX,39
20180108,TMAX,33
20180109,TMAX,61
20180110,TMAX,61
20180111,TMAX,-116
20180112,TMAX,-149
20180113,TMAX,-110
20180114,TMAX,-10
20180115,TMAX,-171
20180116,TMAX,-127
20180117,TMAX,56
20180118,TMAX,44
20180119,TMAX,83
20180120,TMAX,83
20180121,TMAX,33
20180122,TMAX,-32
20180123,TMAX,-27
20180124,TMAX,28
20180125,TMAX,39
20180126,TMAX,89
20180127,TMAX,28
20180128,TMAX,-116
20180129,TMAX,-88
20180130,TMAX,33
20180131,TMAX,78
20190101,TMAX,-166
20190102,TMAX,0
20190103,TMAX,44
20190104,TMAX,61
20190105,TMAX,50
20190106,TMAX,28
20190107,TMAX,56
20190108,TMAX,17
20190109,TMAX,-77
20190110,TMAX,-5
20190111,TMAX,0
20190112,TMAX,-60
20190113,TMAX,-5
20190114,TMAX,-16
20190115,TMAX,0
20190116,TMAX,-71
20190117,TMAX,-55
20190118,TMAX,-60
20190119,TMAX,-160
20190120,TMAX,-143
20190121,TMAX,-71
20190122,TMAX,-77
20190123,TMAX,-21
20190124,TMAX,-43
20190125,TMAX,-127
20190126,TMAX,-38
20190127,TMAX,22
20190128,TMAX,-105
20190129,TMAX,-160
20190130,TMAX,-227
20190131,TMAX,-110
20200101,TMAX,33
20200102,TMAX,28
20200103,TMAX,17
20200104,TMAX,6
20200105,TMAX,44
20200106,TMAX,28
20200107,TMAX,-21
20200108,TMAX,-49
20200109,TMAX,-27
20200110,TMAX,-99
20200111,TMAX,-127
20200112,TMAX,-49
20200113,TMAX,-21
20200114,TMAX,-66
20200115,TMAX,-99
20200116,TMAX,-132
20200117,TMAX,-21
20200118,TMAX,-110
20200119,TMAX,-177
20200120,TMAX,-160
20200121,TMAX,-27
20200122,TMAX,22
20200123,TMAX,-38
20200124,TMAX,-43
20200125,TMAX,-38
20200126,TMAX,33
20200127,TMAX,-27
20200128,TMAX,-16
20200129,TMAX,-16
20200130,TMAX,6
20200131,TMAX,0
20210101,TMAX,-32
20210102,TMAX,-5
20210103,TMAX,0
20210104,TMAX,44
20210105,TMAX,39
20210106,TMAX,22
20210107,TMAX,11
20210108,TMAX,0
20210109,TMAX,11
20210110,TMAX,11
20210111,TMAX,44
20210112,TMAX,67
20210113,TMAX,94
20210114,TMAX,56
20210115,TMAX,0
20210116,TMAX,0
20210117,TMAX,33
20210118,TMAX,0
20210119,TMAX,6
20210120,TMAX,83
20210121,TMAX,33
20210122,TMAX,-27
20210123,TMAX,-27
20210124,TMAX,-43
20210125,TMAX,-60
20210126,TMAX,-71
20210127,TMAX,-55
20210128,TMAX,-38
20210129,TMAX,-16
20210130,TMAX,-10
20210131,TMAX,-21
20220101,TMAX,-182
20220102,TMAX,-82
20220103,TMAX,6
20220104,TMAX,-60
20220105,TMAX,-143
20220106,TMAX,-193
20220107,TMAX,-55
20220108,TMAX,11
20220109,TMAX,-71
20220110,TMAX,-66
20220111,TMAX,106
20220112,TMAX,89
20220113,TMAX,22
20220114,TMAX,-27
20220115,TMAX,-66
20220116,TMAX,61
20220117,TMAX,72
20220118,TMAX,106
20220119,TMAX,-127
20220120,TMAX,-99
20220121,TMAX,17
20220122,TMAX,56
20220123,TMAX,11
20220124,TMAX,33
20220125,TMAX,-121
20220126,TMAX,50
20220127,TMAX,0
20220128,TMAX,44
20220129,TMAX,89
20220130,TMAX,0
20220131,TMAX,100
